AVENUE_SPLINE_TIMING loadings 0.006687415
AVENUE_SPLINE_TIMING loadings 0.006121867
AVENUE_SPLINE_TIMING loadings 0.003898901
AVENUE_SPLINE_TIMING working_arrays 0.002433945
AVENUE_SPLINE_TIMING normal_equations 0.006258846
AVENUE_SPLINE_TIMING solve_evaluate 0.006767937
AVENUE_SPLINE_TIMING previous_deviance 0.00707158
AVENUE_SPLINE_TIMING line_search 0.01043522
AVENUE_SPLINE_TIMING working_arrays 0.001950302
AVENUE_SPLINE_TIMING normal_equations 0.006492156
AVENUE_SPLINE_TIMING solve_evaluate 0.006448023
AVENUE_SPLINE_TIMING previous_deviance 0.007242173
AVENUE_SPLINE_TIMING line_search 0.009675997
AVENUE_SPLINE_TIMING working_arrays 0.001953378
AVENUE_SPLINE_TIMING normal_equations 0.003892238
AVENUE_SPLINE_TIMING solve_evaluate 0.004394076
AVENUE_SPLINE_TIMING previous_deviance 0.00730443
AVENUE_SPLINE_TIMING line_search 0.010123261
AVENUE_SPLINE_TIMING score_prepare 0.002297869
AVENUE_SPLINE_TIMING loadings 0.00646749
AVENUE_SPLINE_TIMING score_prepare 0.00239461
AVENUE_SPLINE_TIMING loadings 0.006638513
AVENUE_SPLINE_TIMING score_prepare 0.002304099
AVENUE_SPLINE_TIMING loadings 0.003939447
AVENUE_SPLINE_TIMING working_arrays 0.001945793
AVENUE_SPLINE_TIMING normal_equations 0.006241523
AVENUE_SPLINE_TIMING solve_evaluate 0.006571786
AVENUE_SPLINE_TIMING previous_deviance 0.007273432
AVENUE_SPLINE_TIMING line_search 0.010194415
AVENUE_SPLINE_TIMING working_arrays 0.001977633
AVENUE_SPLINE_TIMING normal_equations 0.006495182
AVENUE_SPLINE_TIMING solve_evaluate 0.006410833
AVENUE_SPLINE_TIMING previous_deviance 0.007255398
AVENUE_SPLINE_TIMING line_search 0.009569005
AVENUE_SPLINE_TIMING working_arrays 0.001950612
AVENUE_SPLINE_TIMING normal_equations 0.003918457
AVENUE_SPLINE_TIMING solve_evaluate 0.004978759
AVENUE_SPLINE_TIMING previous_deviance 0.007305201
AVENUE_SPLINE_TIMING line_search 0.010194575
AVENUE_SPLINE_TIMING score_prepare 0.002295304
AVENUE_SPLINE_TIMING loadings 0.006480734
AVENUE_SPLINE_TIMING score_prepare 0.002297428
AVENUE_SPLINE_TIMING loadings 0.006118722
AVENUE_SPLINE_TIMING score_prepare 0.002295293
AVENUE_SPLINE_TIMING loadings 0.003900714
AVENUE_SPLINE_TIMING working_arrays 0.001948799
AVENUE_SPLINE_TIMING normal_equations 0.006216576
AVENUE_SPLINE_TIMING solve_evaluate 0.00617087
AVENUE_SPLINE_TIMING previous_deviance 0.007221513
AVENUE_SPLINE_TIMING line_search 0.009446113
AVENUE_SPLINE_TIMING working_arrays 0.00194937
AVENUE_SPLINE_TIMING normal_equations 0.006442553
AVENUE_SPLINE_TIMING solve_evaluate 0.006316003
AVENUE_SPLINE_TIMING previous_deviance 0.00730984
AVENUE_SPLINE_TIMING line_search 0.009879091
AVENUE_SPLINE_TIMING working_arrays 0.001951634
AVENUE_SPLINE_TIMING normal_equations 0.003977569
AVENUE_SPLINE_TIMING solve_evaluate 0.005120126
AVENUE_SPLINE_TIMING previous_deviance 0.007262681
AVENUE_SPLINE_TIMING line_search 0.009569275
AVENUE_SPLINE_TIMING score_prepare 0.00228831
AVENUE_SPLINE_TIMING loadings 0.006447051
AVENUE_SPLINE_TIMING score_prepare 0.003394759
AVENUE_SPLINE_TIMING loadings 0.006263775
AVENUE_SPLINE_TIMING score_prepare 0.002292839
AVENUE_SPLINE_TIMING loadings 0.003925441
AVENUE_SPLINE_TIMING working_arrays 0.002373039
AVENUE_SPLINE_TIMING normal_equations 0.006280537
AVENUE_SPLINE_TIMING solve_evaluate 0.006277982
AVENUE_SPLINE_TIMING previous_deviance 0.007234197
AVENUE_SPLINE_TIMING line_search 0.009658374
AVENUE_SPLINE_TIMING working_arrays 0.001955071
AVENUE_SPLINE_TIMING normal_equations 0.006477739
AVENUE_SPLINE_TIMING solve_evaluate 0.006758789
AVENUE_SPLINE_TIMING previous_deviance 0.007229478
AVENUE_SPLINE_TIMING line_search 0.010785061
AVENUE_SPLINE_TIMING working_arrays 0.002475062
AVENUE_SPLINE_TIMING normal_equations 0.003986927
AVENUE_SPLINE_TIMING solve_evaluate 0.004906723
AVENUE_SPLINE_TIMING previous_deviance 0.007264103
AVENUE_SPLINE_TIMING line_search 0.009495637
AVENUE_SPLINE_TIMING score_prepare 0.002338404
AVENUE_SPLINE_TIMING loadings 0.006735185
AVENUE_SPLINE_TIMING score_prepare 0.002304681
AVENUE_SPLINE_TIMING loadings 0.006169958
AVENUE_SPLINE_TIMING score_prepare 0.002304149
AVENUE_SPLINE_TIMING loadings 0.003964304
AVENUE_SPLINE_TIMING working_arrays 0.001954961
AVENUE_SPLINE_TIMING normal_equations 0.006299603
AVENUE_SPLINE_TIMING solve_evaluate 0.006234059
AVENUE_SPLINE_TIMING previous_deviance 0.007254355
AVENUE_SPLINE_TIMING line_search 0.009483514
AVENUE_SPLINE_TIMING working_arrays 0.001948729
AVENUE_SPLINE_TIMING normal_equations 0.006479402
AVENUE_SPLINE_TIMING solve_evaluate 0.0064253
AVENUE_SPLINE_TIMING previous_deviance 0.007227625
AVENUE_SPLINE_TIMING line_search 0.010792094
AVENUE_SPLINE_TIMING working_arrays 0.002387878
AVENUE_SPLINE_TIMING normal_equations 0.003927254
AVENUE_SPLINE_TIMING solve_evaluate 0.004913917
AVENUE_SPLINE_TIMING previous_deviance 0.007254395
AVENUE_SPLINE_TIMING line_search 0.009594142
AVENUE_SPLINE_TIMING score_prepare 0.002307306
AVENUE_SPLINE_TIMING loadings 0.006514679
AVENUE_SPLINE_TIMING score_prepare 0.002306715
AVENUE_SPLINE_TIMING loadings 0.006105176
AVENUE_SPLINE_TIMING score_prepare 0.002294962
AVENUE_SPLINE_TIMING loadings 0.003904591
AVENUE_SPLINE_TIMING working_arrays 0.001974578
AVENUE_SPLINE_TIMING normal_equations 0.006242605
AVENUE_SPLINE_TIMING solve_evaluate 0.006148067
AVENUE_SPLINE_TIMING previous_deviance 0.007244366
AVENUE_SPLINE_TIMING line_search 0.009516114
AVENUE_SPLINE_TIMING working_arrays 0.00195469
AVENUE_SPLINE_TIMING normal_equations 0.006444686
AVENUE_SPLINE_TIMING solve_evaluate 0.006508707
AVENUE_SPLINE_TIMING previous_deviance 0.007248795
AVENUE_SPLINE_TIMING line_search 0.009551512
AVENUE_SPLINE_TIMING working_arrays 0.001929784
AVENUE_SPLINE_TIMING normal_equations 0.003945849
AVENUE_SPLINE_TIMING solve_evaluate 0.004608861
AVENUE_SPLINE_TIMING previous_deviance 0.007222475
AVENUE_SPLINE_TIMING line_search 0.009562031
AVENUE_SPLINE_TIMING score_prepare 0.002306554
AVENUE_SPLINE_TIMING loadings 0.006492296
AVENUE_SPLINE_TIMING score_prepare 0.002306905
AVENUE_SPLINE_TIMING loadings 0.006124001
AVENUE_SPLINE_TIMING score_prepare 0.002302277
AVENUE_SPLINE_TIMING loadings 0.003926683
AVENUE_SPLINE_TIMING working_arrays 0.001962013
AVENUE_SPLINE_TIMING normal_equations 0.0064202
AVENUE_SPLINE_TIMING solve_evaluate 0.00625068
AVENUE_SPLINE_TIMING previous_deviance 0.007236491
AVENUE_SPLINE_TIMING line_search 0.009504633
AVENUE_SPLINE_TIMING working_arrays 0.001920245
AVENUE_SPLINE_TIMING normal_equations 0.006479312
AVENUE_SPLINE_TIMING solve_evaluate 0.006236484
AVENUE_SPLINE_TIMING previous_deviance 0.00720389
AVENUE_SPLINE_TIMING line_search 0.009602778
AVENUE_SPLINE_TIMING working_arrays 0.001949881
AVENUE_SPLINE_TIMING normal_equations 0.003911644
AVENUE_SPLINE_TIMING solve_evaluate 0.00431208
AVENUE_SPLINE_TIMING previous_deviance 0.007238846
AVENUE_SPLINE_TIMING line_search 0.009499844
AVENUE_SPLINE_TIMING score_prepare 0.002490381
AVENUE_SPLINE_TIMING loadings 0.006853518
AVENUE_SPLINE_TIMING score_prepare 0.002295093
AVENUE_SPLINE_TIMING loadings 0.006078145
AVENUE_SPLINE_TIMING score_prepare 0.002306775
AVENUE_SPLINE_TIMING loadings 0.003904681
AVENUE_SPLINE_TIMING working_arrays 0.002088423
AVENUE_SPLINE_TIMING normal_equations 0.00619715
AVENUE_SPLINE_TIMING solve_evaluate 0.006214231
AVENUE_SPLINE_TIMING previous_deviance 0.007234377
AVENUE_SPLINE_TIMING line_search 0.009514041
AVENUE_SPLINE_TIMING working_arrays 0.001923592
AVENUE_SPLINE_TIMING normal_equations 0.006382159
AVENUE_SPLINE_TIMING solve_evaluate 0.006140883
AVENUE_SPLINE_TIMING previous_deviance 0.007203188
AVENUE_SPLINE_TIMING line_search 0.00944438
AVENUE_SPLINE_TIMING working_arrays 0.001952937
AVENUE_SPLINE_TIMING normal_equations 0.003928607
AVENUE_SPLINE_TIMING solve_evaluate 0.004517588
AVENUE_SPLINE_TIMING previous_deviance 0.007202246
AVENUE_SPLINE_TIMING line_search 0.009526034
AVENUE_SPLINE_TIMING score_prepare 0.002290134
AVENUE_SPLINE_TIMING loadings 0.006453774
AVENUE_SPLINE_TIMING score_prepare 0.002287539
AVENUE_SPLINE_TIMING loadings 0.006080479
AVENUE_SPLINE_TIMING score_prepare 0.002287689
AVENUE_SPLINE_TIMING loadings 0.003922204
AVENUE_SPLINE_TIMING working_arrays 0.00195498
AVENUE_SPLINE_TIMING normal_equations 0.00620791
AVENUE_SPLINE_TIMING solve_evaluate 0.00617113
AVENUE_SPLINE_TIMING previous_deviance 0.007226432
AVENUE_SPLINE_TIMING line_search 0.009465029
AVENUE_SPLINE_TIMING working_arrays 0.001962816
AVENUE_SPLINE_TIMING normal_equations 0.006401595
AVENUE_SPLINE_TIMING solve_evaluate 0.006238337
AVENUE_SPLINE_TIMING previous_deviance 0.007224138
AVENUE_SPLINE_TIMING line_search 0.009474246
AVENUE_SPLINE_TIMING working_arrays 0.00191717
AVENUE_SPLINE_TIMING normal_equations 0.00391462
AVENUE_SPLINE_TIMING solve_evaluate 0.004563786
AVENUE_SPLINE_TIMING previous_deviance 0.007221593
AVENUE_SPLINE_TIMING line_search 0.009512177
AVENUE_SPLINE_TIMING score_prepare 0.002281988
AVENUE_SPLINE_TIMING loadings 0.006413938
AVENUE_SPLINE_TIMING score_prepare 0.002292117
AVENUE_SPLINE_TIMING loadings 0.006054661
AVENUE_SPLINE_TIMING score_prepare 0.00229338
AVENUE_SPLINE_TIMING loadings 0.003912827
AVENUE_SPLINE_TIMING working_arrays 0.001963076
AVENUE_SPLINE_TIMING normal_equations 0.006239539
AVENUE_SPLINE_TIMING solve_evaluate 0.00621319
AVENUE_SPLINE_TIMING previous_deviance 0.007242794
AVENUE_SPLINE_TIMING line_search 0.009432587
AVENUE_SPLINE_TIMING working_arrays 0.001962966
AVENUE_SPLINE_TIMING normal_equations 0.006470605
AVENUE_SPLINE_TIMING solve_evaluate 0.00623988
AVENUE_SPLINE_TIMING previous_deviance 0.007209881
AVENUE_SPLINE_TIMING line_search 0.009499113
AVENUE_SPLINE_TIMING working_arrays 0.001954721
AVENUE_SPLINE_TIMING normal_equations 0.003896496
AVENUE_SPLINE_TIMING solve_evaluate 0.004329724
AVENUE_SPLINE_TIMING previous_deviance 0.007229368
AVENUE_SPLINE_TIMING line_search 0.009515604
AVENUE_SPLINE_TIMING score_prepare 0.002278351
AVENUE_SPLINE_TIMING loadings 0.006415
AVENUE_SPLINE_TIMING score_prepare 0.002577686
AVENUE_SPLINE_TIMING loadings 0.006295465
AVENUE_SPLINE_TIMING score_prepare 0.002258133
AVENUE_SPLINE_TIMING loadings 0.003801297
AVENUE_SPLINE_TIMING working_arrays 0.001934361
AVENUE_SPLINE_TIMING normal_equations 0.006112901
AVENUE_SPLINE_TIMING solve_evaluate 0.006090227
AVENUE_SPLINE_TIMING previous_deviance 0.007192298
AVENUE_SPLINE_TIMING line_search 0.009472763
AVENUE_SPLINE_TIMING working_arrays 0.001929423
AVENUE_SPLINE_TIMING normal_equations 0.006369255
AVENUE_SPLINE_TIMING solve_evaluate 0.006191458
AVENUE_SPLINE_TIMING previous_deviance 0.007188461
AVENUE_SPLINE_TIMING line_search 0.009416607
AVENUE_SPLINE_TIMING working_arrays 0.001925074
AVENUE_SPLINE_TIMING normal_equations 0.003872872
AVENUE_SPLINE_TIMING solve_evaluate 0.004499695
AVENUE_SPLINE_TIMING previous_deviance 0.007302025
AVENUE_SPLINE_TIMING line_search 0.010305916
AVENUE_SPLINE_TIMING score_prepare 0.002298278
AVENUE_SPLINE_TIMING loadings 0.006400804
AVENUE_SPLINE_TIMING score_prepare 0.002287188
AVENUE_SPLINE_TIMING loadings 0.006057025
AVENUE_SPLINE_TIMING score_prepare 0.00229869
AVENUE_SPLINE_TIMING loadings 0.003907136
AVENUE_SPLINE_TIMING working_arrays 0.001953548
AVENUE_SPLINE_TIMING normal_equations 0.006164969
AVENUE_SPLINE_TIMING solve_evaluate 0.006152675
AVENUE_SPLINE_TIMING previous_deviance 0.007292216
AVENUE_SPLINE_TIMING line_search 0.010335643
AVENUE_SPLINE_TIMING working_arrays 0.001944491
AVENUE_SPLINE_TIMING normal_equations 0.006368122
AVENUE_SPLINE_TIMING solve_evaluate 0.006121026
AVENUE_SPLINE_TIMING previous_deviance 0.007208538
AVENUE_SPLINE_TIMING line_search 0.009868801
AVENUE_SPLINE_TIMING working_arrays 0.001969107
AVENUE_SPLINE_TIMING normal_equations 0.003905944
AVENUE_SPLINE_TIMING solve_evaluate 0.004309426
AVENUE_SPLINE_TIMING previous_deviance 0.007360705
AVENUE_SPLINE_TIMING line_search 0.01049868
AVENUE_SPLINE_TIMING score_prepare 0.002292528
AVENUE_SPLINE_TIMING loadings 0.006435579
AVENUE_SPLINE_TIMING score_prepare 0.003368699
AVENUE_SPLINE_TIMING loadings 0.00624528
AVENUE_SPLINE_TIMING score_prepare 0.00230399
AVENUE_SPLINE_TIMING loadings 0.003959014
AVENUE_SPLINE_TIMING working_arrays 0.001953789
AVENUE_SPLINE_TIMING normal_equations 0.006179476
AVENUE_SPLINE_TIMING solve_evaluate 0.006229991
AVENUE_SPLINE_TIMING previous_deviance 0.007217967
AVENUE_SPLINE_TIMING line_search 0.009569215
AVENUE_SPLINE_TIMING working_arrays 0.001956894
AVENUE_SPLINE_TIMING normal_equations 0.006370086
AVENUE_SPLINE_TIMING solve_evaluate 0.006318378
AVENUE_SPLINE_TIMING previous_deviance 0.007293459
AVENUE_SPLINE_TIMING line_search 0.010379144
AVENUE_SPLINE_TIMING working_arrays 0.001946545
AVENUE_SPLINE_TIMING normal_equations 0.003875887
AVENUE_SPLINE_TIMING solve_evaluate 0.00426893
AVENUE_SPLINE_TIMING previous_deviance 0.007206976
AVENUE_SPLINE_TIMING line_search 0.009448177
AVENUE_SPLINE_TIMING score_prepare 0.002294101
AVENUE_SPLINE_TIMING loadings 0.00643062
AVENUE_SPLINE_TIMING score_prepare 0.002300063
AVENUE_SPLINE_TIMING loadings 0.00617119
AVENUE_SPLINE_TIMING score_prepare 0.002300002
AVENUE_SPLINE_TIMING loadings 0.003982869
AVENUE_SPLINE_TIMING working_arrays 0.00193366
AVENUE_SPLINE_TIMING normal_equations 0.006177502
AVENUE_SPLINE_TIMING solve_evaluate 0.006408267
AVENUE_SPLINE_TIMING previous_deviance 0.007274693
AVENUE_SPLINE_TIMING line_search 0.010349117
AVENUE_SPLINE_TIMING working_arrays 0.001955802
AVENUE_SPLINE_TIMING normal_equations 0.006373553
AVENUE_SPLINE_TIMING solve_evaluate 0.006143047
AVENUE_SPLINE_TIMING previous_deviance 0.007297106
AVENUE_SPLINE_TIMING line_search 0.009971775
AVENUE_SPLINE_TIMING working_arrays 0.001951985
AVENUE_SPLINE_TIMING normal_equations 0.003862602
AVENUE_SPLINE_TIMING solve_evaluate 0.004378757
AVENUE_SPLINE_TIMING previous_deviance 0.007234097
AVENUE_SPLINE_TIMING line_search 0.009465059
AVENUE_SPLINE_TIMING score_prepare 0.002301285
AVENUE_SPLINE_TIMING loadings 0.006392138
AVENUE_SPLINE_TIMING score_prepare 0.002302416
AVENUE_SPLINE_TIMING loadings 0.006129131
AVENUE_SPLINE_TIMING score_prepare 0.002307466
AVENUE_SPLINE_TIMING loadings 0.004008878
AVENUE_SPLINE_TIMING working_arrays 0.001948999
AVENUE_SPLINE_TIMING normal_equations 0.006146343
AVENUE_SPLINE_TIMING solve_evaluate 0.006261651
AVENUE_SPLINE_TIMING previous_deviance 0.007301264
AVENUE_SPLINE_TIMING line_search 0.010040845
AVENUE_SPLINE_TIMING working_arrays 0.001929833
AVENUE_SPLINE_TIMING normal_equations 0.006450417
AVENUE_SPLINE_TIMING solve_evaluate 0.006323087
AVENUE_SPLINE_TIMING previous_deviance 0.007254565
AVENUE_SPLINE_TIMING line_search 0.009469436
AVENUE_SPLINE_TIMING working_arrays 0.001947336
AVENUE_SPLINE_TIMING normal_equations 0.003919309
AVENUE_SPLINE_TIMING solve_evaluate 0.004620143
AVENUE_SPLINE_TIMING previous_deviance 0.007341149
AVENUE_SPLINE_TIMING line_search 0.011708454
AVENUE_SPLINE_TIMING score_prepare 0.002298539
AVENUE_SPLINE_TIMING loadings 0.006414339
AVENUE_SPLINE_TIMING score_prepare 0.002298249
AVENUE_SPLINE_TIMING loadings 0.006067455
AVENUE_SPLINE_TIMING score_prepare 0.002298118
AVENUE_SPLINE_TIMING loadings 0.003919971
AVENUE_SPLINE_TIMING working_arrays 0.001965801
AVENUE_SPLINE_TIMING normal_equations 0.006295986
AVENUE_SPLINE_TIMING solve_evaluate 0.006514398
AVENUE_SPLINE_TIMING previous_deviance 0.007286045
AVENUE_SPLINE_TIMING line_search 0.010199095
AVENUE_SPLINE_TIMING working_arrays 0.002018751
AVENUE_SPLINE_TIMING normal_equations 0.006482908
AVENUE_SPLINE_TIMING solve_evaluate 0.006435059
AVENUE_SPLINE_TIMING previous_deviance 0.007221704
AVENUE_SPLINE_TIMING line_search 0.009523329
AVENUE_SPLINE_TIMING working_arrays 0.001945173
AVENUE_SPLINE_TIMING normal_equations 0.003944587
AVENUE_SPLINE_TIMING solve_evaluate 0.004355001
AVENUE_SPLINE_TIMING previous_deviance 0.007294541
AVENUE_SPLINE_TIMING line_search 0.010220966
AVENUE_SPLINE_TIMING score_prepare 0.002306134
AVENUE_SPLINE_TIMING loadings 0.006534957
AVENUE_SPLINE_TIMING score_prepare 0.002312025
AVENUE_SPLINE_TIMING loadings 0.006247534
AVENUE_SPLINE_TIMING score_prepare 0.002311684
AVENUE_SPLINE_TIMING loadings 0.003992317
AVENUE_SPLINE_TIMING working_arrays 0.002100024
AVENUE_SPLINE_TIMING normal_equations 0.006193302
AVENUE_SPLINE_TIMING solve_evaluate 0.006279104
AVENUE_SPLINE_TIMING previous_deviance 0.007252982
AVENUE_SPLINE_TIMING line_search 0.00955037
AVENUE_SPLINE_TIMING working_arrays 0.001957235
AVENUE_SPLINE_TIMING normal_equations 0.006396706
AVENUE_SPLINE_TIMING solve_evaluate 0.0064148
AVENUE_SPLINE_TIMING previous_deviance 0.007242142
AVENUE_SPLINE_TIMING line_search 0.009991092
AVENUE_SPLINE_TIMING working_arrays 0.00196006
AVENUE_SPLINE_TIMING normal_equations 0.00388819
AVENUE_SPLINE_TIMING solve_evaluate 0.004414764
AVENUE_SPLINE_TIMING previous_deviance 0.007285083
AVENUE_SPLINE_TIMING line_search 0.010073477
AVENUE_SPLINE_TIMING score_prepare 0.002324748
AVENUE_SPLINE_TIMING loadings 0.00660519
AVENUE_SPLINE_TIMING score_prepare 0.002298649
AVENUE_SPLINE_TIMING loadings 0.006137847
AVENUE_SPLINE_TIMING score_prepare 0.002335219
AVENUE_SPLINE_TIMING loadings 0.003944066
AVENUE_SPLINE_TIMING working_arrays 0.002083463
AVENUE_SPLINE_TIMING normal_equations 0.006134791
AVENUE_SPLINE_TIMING solve_evaluate 0.006056794
AVENUE_SPLINE_TIMING previous_deviance 0.007232294
AVENUE_SPLINE_TIMING line_search 0.009459387
AVENUE_SPLINE_TIMING working_arrays 0.001934322
AVENUE_SPLINE_TIMING normal_equations 0.006390554
AVENUE_SPLINE_TIMING solve_evaluate 0.006248155
AVENUE_SPLINE_TIMING previous_deviance 0.007264585
AVENUE_SPLINE_TIMING line_search 0.011078475
AVENUE_SPLINE_TIMING working_arrays 0.001943188
AVENUE_SPLINE_TIMING normal_equations 0.003867721
AVENUE_SPLINE_TIMING solve_evaluate 0.004562403
AVENUE_SPLINE_TIMING previous_deviance 0.007193851
AVENUE_SPLINE_TIMING line_search 0.009575167
AVENUE_SPLINE_TIMING score_prepare 0.002361679
AVENUE_SPLINE_TIMING loadings 0.006830375
AVENUE_SPLINE_TIMING score_prepare 0.002303629
AVENUE_SPLINE_TIMING loadings 0.006180227
AVENUE_SPLINE_TIMING score_prepare 0.002300443
AVENUE_SPLINE_TIMING loadings 0.003883551
AVENUE_SPLINE_TIMING working_arrays 0.001962675
AVENUE_SPLINE_TIMING normal_equations 0.006224701
AVENUE_SPLINE_TIMING solve_evaluate 0.006218619
AVENUE_SPLINE_TIMING previous_deviance 0.007244798
AVENUE_SPLINE_TIMING line_search 0.009880603
AVENUE_SPLINE_TIMING working_arrays 0.001934592
AVENUE_SPLINE_TIMING normal_equations 0.006433316
AVENUE_SPLINE_TIMING solve_evaluate 0.006403088
AVENUE_SPLINE_TIMING previous_deviance 0.007608695
AVENUE_SPLINE_TIMING line_search 0.010470326
AVENUE_SPLINE_TIMING working_arrays 0.001955972
AVENUE_SPLINE_TIMING normal_equations 0.00384591
AVENUE_SPLINE_TIMING solve_evaluate 0.004262958
AVENUE_SPLINE_TIMING previous_deviance 0.007208759
AVENUE_SPLINE_TIMING line_search 0.0094979
AVENUE_SPLINE_TIMING score_prepare 0.0022832
AVENUE_SPLINE_TIMING loadings 0.006369795
AVENUE_SPLINE_TIMING score_prepare 0.002295103
AVENUE_SPLINE_TIMING loadings 0.006036135
AVENUE_SPLINE_TIMING score_prepare 0.00229855
AVENUE_SPLINE_TIMING loadings 0.003878241
AVENUE_SPLINE_TIMING working_arrays 0.001952707
AVENUE_SPLINE_TIMING normal_equations 0.006149569
AVENUE_SPLINE_TIMING solve_evaluate 0.006242746
AVENUE_SPLINE_TIMING previous_deviance 0.007441559
AVENUE_SPLINE_TIMING line_search 0.009883318
AVENUE_SPLINE_TIMING working_arrays 0.001967976
AVENUE_SPLINE_TIMING normal_equations 0.006367631
AVENUE_SPLINE_TIMING solve_evaluate 0.006135764
AVENUE_SPLINE_TIMING previous_deviance 0.007478137
AVENUE_SPLINE_TIMING line_search 0.010528006
AVENUE_SPLINE_TIMING working_arrays 0.001971462
AVENUE_SPLINE_TIMING normal_equations 0.003881218
AVENUE_SPLINE_TIMING solve_evaluate 0.004487983
AVENUE_SPLINE_TIMING previous_deviance 0.007202668
AVENUE_SPLINE_TIMING line_search 0.009542956
AVENUE_SPLINE_TIMING score_prepare 0.002379452
AVENUE_SPLINE_TIMING loadings 0.006365026
AVENUE_SPLINE_TIMING score_prepare 0.002291927
AVENUE_SPLINE_TIMING loadings 0.006203101
AVENUE_SPLINE_TIMING score_prepare 0.002274544
AVENUE_SPLINE_TIMING loadings 0.003846822
AVENUE_SPLINE_TIMING working_arrays 0.001954149
AVENUE_SPLINE_TIMING normal_equations 0.006204774
AVENUE_SPLINE_TIMING solve_evaluate 0.006045743
AVENUE_SPLINE_TIMING previous_deviance 0.007415098
AVENUE_SPLINE_TIMING line_search 0.009385228
AVENUE_SPLINE_TIMING working_arrays 0.001953168
AVENUE_SPLINE_TIMING normal_equations 0.00643105
AVENUE_SPLINE_TIMING solve_evaluate 0.006099785
AVENUE_SPLINE_TIMING previous_deviance 0.007235099
AVENUE_SPLINE_TIMING line_search 0.009411768
AVENUE_SPLINE_TIMING working_arrays 0.001948248
AVENUE_SPLINE_TIMING normal_equations 0.004054884
AVENUE_SPLINE_TIMING solve_evaluate 0.004220968
AVENUE_SPLINE_TIMING previous_deviance 0.007178983
AVENUE_SPLINE_TIMING line_search 0.009483764
AVENUE_SPLINE_TIMING score_prepare 0.002287799
AVENUE_SPLINE_TIMING loadings 0.006422334
AVENUE_SPLINE_TIMING score_prepare 0.002278441
AVENUE_SPLINE_TIMING loadings 0.006037388
AVENUE_SPLINE_TIMING score_prepare 0.002284393
AVENUE_SPLINE_TIMING loadings 0.003887809
AVENUE_SPLINE_TIMING working_arrays 0.001920595
AVENUE_SPLINE_TIMING normal_equations 0.00616607
AVENUE_SPLINE_TIMING solve_evaluate 0.006095648
AVENUE_SPLINE_TIMING previous_deviance 0.00720384
AVENUE_SPLINE_TIMING line_search 0.009516446
AVENUE_SPLINE_TIMING working_arrays 0.001945392
AVENUE_SPLINE_TIMING normal_equations 0.006477599
AVENUE_SPLINE_TIMING solve_evaluate 0.006114123
AVENUE_SPLINE_TIMING previous_deviance 0.00724081
AVENUE_SPLINE_TIMING line_search 0.009469447
AVENUE_SPLINE_TIMING working_arrays 0.001946434
AVENUE_SPLINE_TIMING normal_equations 0.003897187
AVENUE_SPLINE_TIMING solve_evaluate 0.004379067
AVENUE_SPLINE_TIMING previous_deviance 0.007221794
AVENUE_SPLINE_TIMING line_search 0.009438458
AVENUE_SPLINE_TIMING score_prepare 0.0022883
AVENUE_SPLINE_TIMING loadings 0.006400383
AVENUE_SPLINE_TIMING score_prepare 0.002297427
AVENUE_SPLINE_TIMING loadings 0.006012651
AVENUE_SPLINE_TIMING score_prepare 0.002290895
AVENUE_SPLINE_TIMING loadings 0.003878071
AVENUE_SPLINE_TIMING working_arrays 0.002149848
AVENUE_SPLINE_TIMING normal_equations 0.006448925
AVENUE_SPLINE_TIMING solve_evaluate 0.006403279
AVENUE_SPLINE_TIMING previous_deviance 0.007165798
AVENUE_SPLINE_TIMING line_search 0.009443377
AVENUE_SPLINE_TIMING working_arrays 0.001927819
AVENUE_SPLINE_TIMING normal_equations 0.006351551
AVENUE_SPLINE_TIMING solve_evaluate 0.006190587
AVENUE_SPLINE_TIMING previous_deviance 0.007176268
AVENUE_SPLINE_TIMING line_search 0.009414923
AVENUE_SPLINE_TIMING working_arrays 0.001938941
AVENUE_SPLINE_TIMING normal_equations 0.003853324
AVENUE_SPLINE_TIMING solve_evaluate 0.004353048
AVENUE_SPLINE_TIMING previous_deviance 0.007209771
AVENUE_SPLINE_TIMING line_search 0.009406068
AVENUE_SPLINE_TIMING score_prepare 0.002430538
AVENUE_SPLINE_TIMING loadings 0.006360487
AVENUE_SPLINE_TIMING score_prepare 0.00228292
AVENUE_SPLINE_TIMING loadings 0.006015316
AVENUE_SPLINE_TIMING score_prepare 0.002300764
AVENUE_SPLINE_TIMING loadings 0.003885505
AVENUE_SPLINE_TIMING working_arrays 0.002063455
AVENUE_SPLINE_TIMING normal_equations 0.006180457
AVENUE_SPLINE_TIMING solve_evaluate 0.006133619
AVENUE_SPLINE_TIMING previous_deviance 0.007217015
AVENUE_SPLINE_TIMING line_search 0.009454268
AVENUE_SPLINE_TIMING working_arrays 0.001928401
AVENUE_SPLINE_TIMING normal_equations 0.006353535
AVENUE_SPLINE_TIMING solve_evaluate 0.006190787
AVENUE_SPLINE_TIMING previous_deviance 0.007200383
AVENUE_SPLINE_TIMING line_search 0.009427748
AVENUE_SPLINE_TIMING working_arrays 0.001914995
AVENUE_SPLINE_TIMING normal_equations 0.003858945
AVENUE_SPLINE_TIMING solve_evaluate 0.004478805
AVENUE_SPLINE_TIMING previous_deviance 0.007213919
AVENUE_SPLINE_TIMING line_search 0.009504864
AVENUE_SPLINE_TIMING score_prepare 0.002316012
AVENUE_SPLINE_TIMING loadings 0.006398169
AVENUE_SPLINE_TIMING score_prepare 0.002297597
AVENUE_SPLINE_TIMING loadings 0.006018662
AVENUE_SPLINE_TIMING score_prepare 0.002288741
AVENUE_SPLINE_TIMING loadings 0.003856571
AVENUE_SPLINE_TIMING working_arrays 0.001967565
AVENUE_SPLINE_TIMING normal_equations 0.006160751
AVENUE_SPLINE_TIMING solve_evaluate 0.006076572
AVENUE_SPLINE_TIMING previous_deviance 0.007201165
AVENUE_SPLINE_TIMING line_search 0.009484175
AVENUE_SPLINE_TIMING working_arrays 0.001945844
AVENUE_SPLINE_TIMING normal_equations 0.006456669
AVENUE_SPLINE_TIMING solve_evaluate 0.006190386
AVENUE_SPLINE_TIMING previous_deviance 0.007210642
AVENUE_SPLINE_TIMING line_search 0.009581147
AVENUE_SPLINE_TIMING working_arrays 0.001953989
AVENUE_SPLINE_TIMING normal_equations 0.003923998
AVENUE_SPLINE_TIMING solve_evaluate 0.004501227
AVENUE_SPLINE_TIMING previous_deviance 0.007218438
AVENUE_SPLINE_TIMING line_search 0.009747081
AVENUE_SPLINE_TIMING score_prepare 0.002289162
AVENUE_SPLINE_TIMING loadings 0.006449726
AVENUE_SPLINE_TIMING score_prepare 0.002291987
AVENUE_SPLINE_TIMING loadings 0.006113902
AVENUE_SPLINE_TIMING score_prepare 0.002299401
AVENUE_SPLINE_TIMING loadings 0.003907177
AVENUE_SPLINE_TIMING working_arrays 0.001931035
AVENUE_SPLINE_TIMING normal_equations 0.006236945
AVENUE_SPLINE_TIMING solve_evaluate 0.006253216
AVENUE_SPLINE_TIMING previous_deviance 0.007207406
AVENUE_SPLINE_TIMING line_search 0.009608809
AVENUE_SPLINE_TIMING working_arrays 0.001926186
AVENUE_SPLINE_TIMING normal_equations 0.006456218
AVENUE_SPLINE_TIMING solve_evaluate 0.006313058
AVENUE_SPLINE_TIMING previous_deviance 0.007213759
AVENUE_SPLINE_TIMING line_search 0.00950278
AVENUE_SPLINE_TIMING working_arrays 0.001918542
AVENUE_SPLINE_TIMING normal_equations 0.004048192
AVENUE_SPLINE_TIMING solve_evaluate 0.004589485
AVENUE_SPLINE_TIMING previous_deviance 0.007295523
AVENUE_SPLINE_TIMING line_search 0.010113733
AVENUE_SPLINE_TIMING score_prepare 0.002287578
AVENUE_SPLINE_TIMING loadings 0.006487457
AVENUE_SPLINE_TIMING score_prepare 0.002290053
AVENUE_SPLINE_TIMING loadings 0.006105837
AVENUE_SPLINE_TIMING score_prepare 0.002302997
AVENUE_SPLINE_TIMING loadings 0.003941721
AVENUE_SPLINE_TIMING working_arrays 0.001948338
AVENUE_SPLINE_TIMING normal_equations 0.006227035
AVENUE_SPLINE_TIMING solve_evaluate 0.006189995
AVENUE_SPLINE_TIMING previous_deviance 0.007217325
AVENUE_SPLINE_TIMING line_search 0.009581068
AVENUE_SPLINE_TIMING working_arrays 0.001947867
AVENUE_SPLINE_TIMING normal_equations 0.006454114
AVENUE_SPLINE_TIMING solve_evaluate 0.006501103
AVENUE_SPLINE_TIMING previous_deviance 0.007267029
AVENUE_SPLINE_TIMING line_search 0.010216317
AVENUE_SPLINE_TIMING working_arrays 0.00196002
AVENUE_SPLINE_TIMING normal_equations 0.003910933
AVENUE_SPLINE_TIMING solve_evaluate 0.004414704
AVENUE_SPLINE_TIMING previous_deviance 0.007326341
AVENUE_SPLINE_TIMING line_search 0.01012821
AVENUE_SPLINE_TIMING score_prepare 0.002318186
AVENUE_SPLINE_TIMING loadings 0.006607874
AVENUE_SPLINE_TIMING score_prepare 0.002314329
AVENUE_SPLINE_TIMING loadings 0.006146734
AVENUE_SPLINE_TIMING score_prepare 0.002313337
AVENUE_SPLINE_TIMING loadings 0.004318963
AVENUE_SPLINE_TIMING working_arrays 0.001963707
AVENUE_SPLINE_TIMING normal_equations 0.006250079
AVENUE_SPLINE_TIMING solve_evaluate 0.006274515
AVENUE_SPLINE_TIMING previous_deviance 0.007242653
AVENUE_SPLINE_TIMING line_search 0.009499093
AVENUE_SPLINE_TIMING working_arrays 0.001936576
AVENUE_SPLINE_TIMING normal_equations 0.006469083
AVENUE_SPLINE_TIMING solve_evaluate 0.006361129
AVENUE_SPLINE_TIMING previous_deviance 0.007259625
AVENUE_SPLINE_TIMING line_search 0.010052698
AVENUE_SPLINE_TIMING working_arrays 0.001950713
AVENUE_SPLINE_TIMING normal_equations 0.003933145
AVENUE_SPLINE_TIMING solve_evaluate 0.004621104
AVENUE_SPLINE_TIMING previous_deviance 0.007223917
AVENUE_SPLINE_TIMING line_search 0.009455921
AVENUE_SPLINE_TIMING score_prepare 0.002305272
AVENUE_SPLINE_TIMING loadings 0.007256158
AVENUE_SPLINE_TIMING score_prepare 0.002300382
AVENUE_SPLINE_TIMING loadings 0.006086731
AVENUE_SPLINE_TIMING score_prepare 0.002331031
AVENUE_SPLINE_TIMING loadings 0.004386621
AVENUE_SPLINE_TIMING working_arrays 0.001953819
AVENUE_SPLINE_TIMING normal_equations 0.006246242
AVENUE_SPLINE_TIMING solve_evaluate 0.006778597
AVENUE_SPLINE_TIMING previous_deviance 0.00726256
AVENUE_SPLINE_TIMING line_search 0.00982588
AVENUE_SPLINE_TIMING working_arrays 0.001936736
AVENUE_SPLINE_TIMING normal_equations 0.00645708
AVENUE_SPLINE_TIMING solve_evaluate 0.00630326
AVENUE_SPLINE_TIMING previous_deviance 0.007217916
AVENUE_SPLINE_TIMING line_search 0.009470128
AVENUE_SPLINE_TIMING working_arrays 0.001938419
AVENUE_SPLINE_TIMING normal_equations 0.003961148
AVENUE_SPLINE_TIMING solve_evaluate 0.004541644
AVENUE_SPLINE_TIMING previous_deviance 0.007239937
AVENUE_SPLINE_TIMING line_search 0.009755376
AVENUE_SPLINE_TIMING score_prepare 0.002758778
AVENUE_SPLINE_TIMING loadings 0.006898494
AVENUE_SPLINE_TIMING score_prepare 0.002296906
AVENUE_SPLINE_TIMING loadings 0.006153256
AVENUE_SPLINE_TIMING score_prepare 0.002300152
AVENUE_SPLINE_TIMING loadings 0.003884313
AVENUE_SPLINE_TIMING working_arrays 0.0019655
AVENUE_SPLINE_TIMING normal_equations 0.006344177
AVENUE_SPLINE_TIMING solve_evaluate 0.006263916
AVENUE_SPLINE_TIMING previous_deviance 0.007626067
AVENUE_SPLINE_TIMING line_search 0.009892115
AVENUE_SPLINE_TIMING working_arrays 0.001955221
AVENUE_SPLINE_TIMING normal_equations 0.006370957
AVENUE_SPLINE_TIMING solve_evaluate 0.006134741
AVENUE_SPLINE_TIMING previous_deviance 0.007189773
AVENUE_SPLINE_TIMING line_search 0.009446965
AVENUE_SPLINE_TIMING working_arrays 0.001937598
AVENUE_SPLINE_TIMING normal_equations 0.003890745
AVENUE_SPLINE_TIMING solve_evaluate 0.004828856
AVENUE_SPLINE_TIMING previous_deviance 0.007220251
AVENUE_SPLINE_TIMING line_search 0.009994589
AVENUE_SPLINE_TIMING score_prepare 0.00227807
AVENUE_SPLINE_TIMING loadings 0.006426412
AVENUE_SPLINE_TIMING score_prepare 0.002285054
AVENUE_SPLINE_TIMING loadings 0.006056594
AVENUE_SPLINE_TIMING score_prepare 0.002281167
AVENUE_SPLINE_TIMING loadings 0.003865989
AVENUE_SPLINE_TIMING working_arrays 0.001962395
AVENUE_SPLINE_TIMING normal_equations 0.00624002
AVENUE_SPLINE_TIMING solve_evaluate 0.006219651
AVENUE_SPLINE_TIMING previous_deviance 0.007221383
AVENUE_SPLINE_TIMING line_search 0.009980151
AVENUE_SPLINE_TIMING working_arrays 0.001988523
AVENUE_SPLINE_TIMING normal_equations 0.0063775
AVENUE_SPLINE_TIMING solve_evaluate 0.006297249
AVENUE_SPLINE_TIMING previous_deviance 0.007244286
AVENUE_SPLINE_TIMING line_search 0.009622225
AVENUE_SPLINE_TIMING working_arrays 0.001945553
AVENUE_SPLINE_TIMING normal_equations 0.003877741
AVENUE_SPLINE_TIMING solve_evaluate 0.004570568
AVENUE_SPLINE_TIMING previous_deviance 0.007224298
AVENUE_SPLINE_TIMING line_search 0.009482
AVENUE_SPLINE_TIMING score_prepare 0.002729182
AVENUE_SPLINE_TIMING loadings 0.006419289
AVENUE_SPLINE_TIMING score_prepare 0.00229876
AVENUE_SPLINE_TIMING loadings 0.006037999
AVENUE_SPLINE_TIMING score_prepare 0.002491354
AVENUE_SPLINE_TIMING loadings 0.004032482
AVENUE_SPLINE_TIMING working_arrays 0.00194947
AVENUE_SPLINE_TIMING normal_equations 0.006184826
AVENUE_SPLINE_TIMING solve_evaluate 0.0063352
AVENUE_SPLINE_TIMING previous_deviance 0.007259535
AVENUE_SPLINE_TIMING line_search 0.00973591
AVENUE_SPLINE_TIMING working_arrays 0.001933881
AVENUE_SPLINE_TIMING normal_equations 0.006373212
AVENUE_SPLINE_TIMING solve_evaluate 0.006362983
AVENUE_SPLINE_TIMING previous_deviance 0.007235129
AVENUE_SPLINE_TIMING line_search 0.009865665
AVENUE_SPLINE_TIMING working_arrays 0.001953949
AVENUE_SPLINE_TIMING normal_equations 0.003890174
AVENUE_SPLINE_TIMING solve_evaluate 0.004559127
AVENUE_SPLINE_TIMING previous_deviance 0.007270025
AVENUE_SPLINE_TIMING line_search 0.009685775
AVENUE_SPLINE_TIMING score_prepare 0.002609396
AVENUE_SPLINE_TIMING loadings 0.00642017
AVENUE_SPLINE_TIMING score_prepare 0.002299652
AVENUE_SPLINE_TIMING loadings 0.0060439
AVENUE_SPLINE_TIMING score_prepare 0.002441499
AVENUE_SPLINE_TIMING loadings 0.004439602
AVENUE_SPLINE_TIMING working_arrays 0.001951404
AVENUE_SPLINE_TIMING normal_equations 0.006182111
AVENUE_SPLINE_TIMING solve_evaluate 0.006120976
AVENUE_SPLINE_TIMING previous_deviance 0.007229739
AVENUE_SPLINE_TIMING line_search 0.009508611
AVENUE_SPLINE_TIMING working_arrays 0.001948088
AVENUE_SPLINE_TIMING normal_equations 0.006370006
AVENUE_SPLINE_TIMING solve_evaluate 0.006256461
AVENUE_SPLINE_TIMING previous_deviance 0.00721991
AVENUE_SPLINE_TIMING line_search 0.009936479
AVENUE_SPLINE_TIMING working_arrays 0.001946334
AVENUE_SPLINE_TIMING normal_equations 0.003891968
AVENUE_SPLINE_TIMING solve_evaluate 0.004552103
AVENUE_SPLINE_TIMING previous_deviance 0.007223096
AVENUE_SPLINE_TIMING line_search 0.009625271
AVENUE_SPLINE_TIMING score_prepare 0.002687815
AVENUE_SPLINE_TIMING loadings 0.006424779
AVENUE_SPLINE_TIMING score_prepare 0.002305623
AVENUE_SPLINE_TIMING loadings 0.006048328
AVENUE_SPLINE_TIMING score_prepare 0.002412334
AVENUE_SPLINE_TIMING loadings 0.004143281
AVENUE_SPLINE_TIMING working_arrays 0.0019919
AVENUE_SPLINE_TIMING normal_equations 0.006210274
AVENUE_SPLINE_TIMING solve_evaluate 0.006258055
AVENUE_SPLINE_TIMING previous_deviance 0.007238735
AVENUE_SPLINE_TIMING line_search 0.009668783
AVENUE_SPLINE_TIMING working_arrays 0.001977083
AVENUE_SPLINE_TIMING normal_equations 0.006375837
AVENUE_SPLINE_TIMING solve_evaluate 0.006256902
AVENUE_SPLINE_TIMING previous_deviance 0.007192308
AVENUE_SPLINE_TIMING line_search 0.009527617
AVENUE_SPLINE_TIMING working_arrays 0.001941526
AVENUE_SPLINE_TIMING normal_equations 0.003883301
AVENUE_SPLINE_TIMING solve_evaluate 0.004767671
AVENUE_SPLINE_TIMING previous_deviance 0.007230901
AVENUE_SPLINE_TIMING line_search 0.009709941
AVENUE_SPLINE_TIMING score_prepare 0.002291987
AVENUE_SPLINE_TIMING loadings 0.006423918
AVENUE_SPLINE_TIMING score_prepare 0.002294391
AVENUE_SPLINE_TIMING loadings 0.006036356
AVENUE_SPLINE_TIMING score_prepare 0.002298149
AVENUE_SPLINE_TIMING loadings 0.003913638
AVENUE_SPLINE_TIMING working_arrays 0.001962205
AVENUE_SPLINE_TIMING normal_equations 0.006220092
AVENUE_SPLINE_TIMING solve_evaluate 0.00622926
AVENUE_SPLINE_TIMING previous_deviance 0.007243334
AVENUE_SPLINE_TIMING line_search 0.009987545
AVENUE_SPLINE_TIMING working_arrays 0.001963227
AVENUE_SPLINE_TIMING normal_equations 0.006416524
AVENUE_SPLINE_TIMING solve_evaluate 0.006231765
AVENUE_SPLINE_TIMING previous_deviance 0.007224409
AVENUE_SPLINE_TIMING line_search 0.009432738
AVENUE_SPLINE_TIMING working_arrays 0.001950793
AVENUE_SPLINE_TIMING normal_equations 0.003880896
AVENUE_SPLINE_TIMING solve_evaluate 0.004581909
AVENUE_SPLINE_TIMING previous_deviance 0.007224519
AVENUE_SPLINE_TIMING line_search 0.009483784
AVENUE_SPLINE_TIMING score_prepare 0.002318817
AVENUE_SPLINE_TIMING loadings 0.00644651
AVENUE_SPLINE_TIMING score_prepare 0.002303489
AVENUE_SPLINE_TIMING loadings 0.006058567
AVENUE_SPLINE_TIMING score_prepare 0.002305342
AVENUE_SPLINE_TIMING loadings 0.00388273
AVENUE_SPLINE_TIMING working_arrays 0.001970309
AVENUE_SPLINE_TIMING normal_equations 0.006185778
AVENUE_SPLINE_TIMING solve_evaluate 0.006131686
AVENUE_SPLINE_TIMING previous_deviance 0.007254225
AVENUE_SPLINE_TIMING line_search 0.009505305
AVENUE_SPLINE_TIMING working_arrays 0.001967845
AVENUE_SPLINE_TIMING normal_equations 0.006386677
AVENUE_SPLINE_TIMING solve_evaluate 0.006210375
AVENUE_SPLINE_TIMING previous_deviance 0.007213518
AVENUE_SPLINE_TIMING line_search 0.009471431
AVENUE_SPLINE_TIMING working_arrays 0.001934923
AVENUE_SPLINE_TIMING normal_equations 0.003887709
AVENUE_SPLINE_TIMING solve_evaluate 0.00455547
AVENUE_SPLINE_TIMING previous_deviance 0.007216243
AVENUE_SPLINE_TIMING line_search 0.009494314
AVENUE_SPLINE_TIMING score_prepare 0.002289362
AVENUE_SPLINE_TIMING loadings 0.006415702
AVENUE_SPLINE_TIMING score_prepare 0.002289502
AVENUE_SPLINE_TIMING loadings 0.006035824
AVENUE_SPLINE_TIMING score_prepare 0.002294592
AVENUE_SPLINE_TIMING loadings 0.003875596
AVENUE_SPLINE_TIMING working_arrays 0.001962996
AVENUE_SPLINE_TIMING normal_equations 0.006149229
AVENUE_SPLINE_TIMING solve_evaluate 0.006116237
AVENUE_SPLINE_TIMING previous_deviance 0.007212747
AVENUE_SPLINE_TIMING line_search 0.009543277
AVENUE_SPLINE_TIMING working_arrays 0.001940874
AVENUE_SPLINE_TIMING normal_equations 0.006384343
AVENUE_SPLINE_TIMING solve_evaluate 0.006209653
AVENUE_SPLINE_TIMING previous_deviance 0.007195154
AVENUE_SPLINE_TIMING line_search 0.009632766
AVENUE_SPLINE_TIMING working_arrays 0.00192838
AVENUE_SPLINE_TIMING normal_equations 0.003869896
AVENUE_SPLINE_TIMING solve_evaluate 0.004556983
AVENUE_SPLINE_TIMING previous_deviance 0.007224379
AVENUE_SPLINE_TIMING line_search 0.009469827
AVENUE_SPLINE_TIMING score_prepare 0.002384722
AVENUE_SPLINE_TIMING loadings 0.006403008
AVENUE_SPLINE_TIMING score_prepare 0.002295273
AVENUE_SPLINE_TIMING loadings 0.006032368
AVENUE_SPLINE_TIMING score_prepare 0.002296195
AVENUE_SPLINE_TIMING loadings 0.003879644
AVENUE_SPLINE_TIMING working_arrays 0.002132145
AVENUE_SPLINE_TIMING normal_equations 0.006290515
AVENUE_SPLINE_TIMING solve_evaluate 0.006551919
AVENUE_SPLINE_TIMING previous_deviance 0.008056629
AVENUE_SPLINE_TIMING line_search 0.010840205
AVENUE_SPLINE_TIMING working_arrays 0.001940043
AVENUE_SPLINE_TIMING normal_equations 0.006767797
AVENUE_SPLINE_TIMING solve_evaluate 0.006060801
AVENUE_SPLINE_TIMING previous_deviance 0.007163674
AVENUE_SPLINE_TIMING line_search 0.009389927
AVENUE_SPLINE_TIMING working_arrays 0.001937738
AVENUE_SPLINE_TIMING normal_equations 0.003862061
AVENUE_SPLINE_TIMING solve_evaluate 0.004415766
AVENUE_SPLINE_TIMING previous_deviance 0.007200394
AVENUE_SPLINE_TIMING line_search 0.009436885
AVENUE_SPLINE_TIMING score_prepare 0.002279794
AVENUE_SPLINE_TIMING loadings 0.006389522
AVENUE_SPLINE_TIMING score_prepare 0.002285574
AVENUE_SPLINE_TIMING loadings 0.006016619
AVENUE_SPLINE_TIMING score_prepare 0.002280706
AVENUE_SPLINE_TIMING loadings 0.003873783
AVENUE_SPLINE_TIMING working_arrays 0.001940985
AVENUE_SPLINE_TIMING normal_equations 0.006156272
AVENUE_SPLINE_TIMING solve_evaluate 0.006131676
AVENUE_SPLINE_TIMING previous_deviance 0.007196205
AVENUE_SPLINE_TIMING line_search 0.009472383
AVENUE_SPLINE_TIMING working_arrays 0.001925795
AVENUE_SPLINE_TIMING normal_equations 0.006375796
AVENUE_SPLINE_TIMING solve_evaluate 0.006150071
AVENUE_SPLINE_TIMING previous_deviance 0.007192308
AVENUE_SPLINE_TIMING line_search 0.009395537
AVENUE_SPLINE_TIMING working_arrays 0.001948529
AVENUE_SPLINE_TIMING normal_equations 0.003869585
AVENUE_SPLINE_TIMING solve_evaluate 0.004463727
AVENUE_SPLINE_TIMING previous_deviance 0.007210322
AVENUE_SPLINE_TIMING line_search 0.009552624
AVENUE_SPLINE_TIMING score_prepare 0.002297677
AVENUE_SPLINE_TIMING loadings 0.006369163
AVENUE_SPLINE_TIMING score_prepare 0.002290043
AVENUE_SPLINE_TIMING loadings 0.006024524
AVENUE_SPLINE_TIMING score_prepare 0.002297919
AVENUE_SPLINE_TIMING loadings 0.003859566
AVENUE_SPLINE_TIMING working_arrays 0.001952125
AVENUE_SPLINE_TIMING normal_equations 0.006192601
AVENUE_SPLINE_TIMING solve_evaluate 0.006136545
AVENUE_SPLINE_TIMING previous_deviance 0.007214881
AVENUE_SPLINE_TIMING line_search 0.00945482
AVENUE_SPLINE_TIMING working_arrays 0.001940844
AVENUE_SPLINE_TIMING normal_equations 0.006355088
AVENUE_SPLINE_TIMING solve_evaluate 0.006181961
AVENUE_SPLINE_TIMING previous_deviance 0.007205473
AVENUE_SPLINE_TIMING line_search 0.009556692
AVENUE_SPLINE_TIMING working_arrays 0.001952556
AVENUE_SPLINE_TIMING normal_equations 0.003860578
AVENUE_SPLINE_TIMING solve_evaluate 0.004471291
AVENUE_SPLINE_TIMING previous_deviance 0.007217896
AVENUE_SPLINE_TIMING line_search 0.009517127
AVENUE_SPLINE_TIMING score_prepare 0.002292969
AVENUE_SPLINE_TIMING loadings 0.006400113
AVENUE_SPLINE_TIMING score_prepare 0.00229341
AVENUE_SPLINE_TIMING loadings 0.006022791
AVENUE_SPLINE_TIMING score_prepare 0.002294551
AVENUE_SPLINE_TIMING loadings 0.003860338
AVENUE_SPLINE_TIMING working_arrays 0.001957155
AVENUE_SPLINE_TIMING normal_equations 0.00617069
AVENUE_SPLINE_TIMING solve_evaluate 0.006155651
AVENUE_SPLINE_TIMING previous_deviance 0.007209691
AVENUE_SPLINE_TIMING line_search 0.00954526
AVENUE_SPLINE_TIMING working_arrays 0.001915857
AVENUE_SPLINE_TIMING normal_equations 0.00635118
AVENUE_SPLINE_TIMING solve_evaluate 0.006155801
AVENUE_SPLINE_TIMING previous_deviance 0.00719865
AVENUE_SPLINE_TIMING line_search 0.009514572
AVENUE_SPLINE_TIMING working_arrays 0.001939622
AVENUE_SPLINE_TIMING normal_equations 0.003867812
AVENUE_SPLINE_TIMING solve_evaluate 0.004490808
AVENUE_SPLINE_TIMING previous_deviance 0.007226352
AVENUE_SPLINE_TIMING line_search 0.018651261
AVENUE_SPLINE_TIMING score_prepare 0.002869097
AVENUE_SPLINE_TIMING loadings 0.006874157
AVENUE_SPLINE_TIMING score_prepare 0.002458972
AVENUE_SPLINE_TIMING loadings 0.007099853
AVENUE_SPLINE_TIMING score_prepare 0.002342803
AVENUE_SPLINE_TIMING loadings 0.003933806
AVENUE_SPLINE_TIMING working_arrays 0.001951043
AVENUE_SPLINE_TIMING normal_equations 0.006123049
AVENUE_SPLINE_TIMING solve_evaluate 0.006274135
AVENUE_SPLINE_TIMING previous_deviance 0.007216524
AVENUE_SPLINE_TIMING line_search 0.009633657
AVENUE_SPLINE_TIMING working_arrays 0.002167832
AVENUE_SPLINE_TIMING normal_equations 0.007384401
AVENUE_SPLINE_TIMING solve_evaluate 0.00707715
AVENUE_SPLINE_TIMING previous_deviance 0.007268041
AVENUE_SPLINE_TIMING line_search 0.010110337
AVENUE_SPLINE_TIMING working_arrays 0.001963887
AVENUE_SPLINE_TIMING normal_equations 0.003847323
AVENUE_SPLINE_TIMING solve_evaluate 0.004423942
AVENUE_SPLINE_TIMING previous_deviance 0.007189082
AVENUE_SPLINE_TIMING line_search 0.009460319
AVENUE_SPLINE_TIMING score_prepare 0.002274744
AVENUE_SPLINE_TIMING loadings 0.006498629
AVENUE_SPLINE_TIMING score_prepare 0.002290514
AVENUE_SPLINE_TIMING loadings 0.006121556
AVENUE_SPLINE_TIMING score_prepare 0.002291436
AVENUE_SPLINE_TIMING loadings 0.003897618
AVENUE_SPLINE_TIMING working_arrays 0.00195471
AVENUE_SPLINE_TIMING normal_equations 0.006232997
AVENUE_SPLINE_TIMING solve_evaluate 0.006275277
AVENUE_SPLINE_TIMING previous_deviance 0.007270465
AVENUE_SPLINE_TIMING line_search 0.009740528
AVENUE_SPLINE_TIMING working_arrays 0.001945162
AVENUE_SPLINE_TIMING normal_equations 0.006415321
AVENUE_SPLINE_TIMING solve_evaluate 0.006263815
AVENUE_SPLINE_TIMING previous_deviance 0.00730957
AVENUE_SPLINE_TIMING line_search 0.009806423
AVENUE_SPLINE_TIMING working_arrays 0.001931687
AVENUE_SPLINE_TIMING normal_equations 0.003866339
AVENUE_SPLINE_TIMING solve_evaluate 0.004469708
AVENUE_SPLINE_TIMING previous_deviance 0.007233136
AVENUE_SPLINE_TIMING line_search 0.130001532
AVENUE_SPLINE_TIMING score_prepare 0.002295223
AVENUE_SPLINE_TIMING loadings 0.00645173
AVENUE_SPLINE_TIMING score_prepare 0.002374152
AVENUE_SPLINE_TIMING loadings 0.006491736
AVENUE_SPLINE_TIMING score_prepare 0.00233612
AVENUE_SPLINE_TIMING loadings 0.004548687
AVENUE_SPLINE_TIMING working_arrays 0.002052775
AVENUE_SPLINE_TIMING normal_equations 0.00621876
AVENUE_SPLINE_TIMING solve_evaluate 0.006294794
AVENUE_SPLINE_TIMING previous_deviance 0.007275184
AVENUE_SPLINE_TIMING line_search 0.010056796
AVENUE_SPLINE_TIMING working_arrays 0.001913713
AVENUE_SPLINE_TIMING normal_equations 0.006389092
AVENUE_SPLINE_TIMING solve_evaluate 0.006212889
AVENUE_SPLINE_TIMING previous_deviance 0.007188481
AVENUE_SPLINE_TIMING line_search 0.009489254
AVENUE_SPLINE_TIMING working_arrays 0.001953819
AVENUE_SPLINE_TIMING normal_equations 0.003870688
AVENUE_SPLINE_TIMING solve_evaluate 0.004469557
AVENUE_SPLINE_TIMING previous_deviance 0.007242713
AVENUE_SPLINE_TIMING line_search 0.019467982
AVENUE_SPLINE_TIMING score_prepare 0.002280786
AVENUE_SPLINE_TIMING loadings 0.006396987
AVENUE_SPLINE_TIMING score_prepare 0.002313347
AVENUE_SPLINE_TIMING loadings 0.006079066
AVENUE_SPLINE_TIMING score_prepare 0.002293099
AVENUE_SPLINE_TIMING loadings 0.00386683
AVENUE_SPLINE_TIMING working_arrays 0.001939562
AVENUE_SPLINE_TIMING normal_equations 0.006190066
AVENUE_SPLINE_TIMING solve_evaluate 0.00626079
AVENUE_SPLINE_TIMING previous_deviance 0.007210762
AVENUE_SPLINE_TIMING line_search 0.009521064
AVENUE_SPLINE_TIMING working_arrays 0.001941966
AVENUE_SPLINE_TIMING normal_equations 0.00640932
AVENUE_SPLINE_TIMING solve_evaluate 0.006270929
AVENUE_SPLINE_TIMING previous_deviance 0.007238936
AVENUE_SPLINE_TIMING line_search 0.010158838
AVENUE_SPLINE_TIMING working_arrays 0.001957145
AVENUE_SPLINE_TIMING normal_equations 0.003855599
AVENUE_SPLINE_TIMING solve_evaluate 0.004493754
AVENUE_SPLINE_TIMING previous_deviance 0.007217716
AVENUE_SPLINE_TIMING line_search 0.009539519
AVENUE_SPLINE_TIMING score_prepare 0.00231463
AVENUE_SPLINE_TIMING loadings 0.007531849
AVENUE_SPLINE_TIMING score_prepare 0.002320581
AVENUE_SPLINE_TIMING loadings 0.006528124
AVENUE_SPLINE_TIMING score_prepare 0.002295774
AVENUE_SPLINE_TIMING loadings 0.003887119
AVENUE_SPLINE_TIMING working_arrays 0.00194952
AVENUE_SPLINE_TIMING normal_equations 0.006180598
AVENUE_SPLINE_TIMING solve_evaluate 0.006252965
AVENUE_SPLINE_TIMING previous_deviance 0.007265586
AVENUE_SPLINE_TIMING line_search 0.010100407
AVENUE_SPLINE_TIMING working_arrays 0.001940813
AVENUE_SPLINE_TIMING normal_equations 0.006390063
AVENUE_SPLINE_TIMING solve_evaluate 0.006956753
AVENUE_SPLINE_TIMING previous_deviance 0.007246721
AVENUE_SPLINE_TIMING line_search 0.009895721
AVENUE_SPLINE_TIMING working_arrays 0.001946214
AVENUE_SPLINE_TIMING normal_equations 0.003864876
AVENUE_SPLINE_TIMING solve_evaluate 0.004464038
AVENUE_SPLINE_TIMING previous_deviance 0.007209801
AVENUE_SPLINE_TIMING line_search 0.009515303
AVENUE_SPLINE_TIMING score_prepare 0.002532892
AVENUE_SPLINE_TIMING loadings 0.006436431
AVENUE_SPLINE_TIMING score_prepare 0.002441069
AVENUE_SPLINE_TIMING loadings 0.006865491
AVENUE_SPLINE_TIMING score_prepare 0.002301095
AVENUE_SPLINE_TIMING loadings 0.003874324
AVENUE_SPLINE_TIMING working_arrays 0.001978185
AVENUE_SPLINE_TIMING normal_equations 0.006228559
AVENUE_SPLINE_TIMING solve_evaluate 0.006254998
AVENUE_SPLINE_TIMING previous_deviance 0.007228396
AVENUE_SPLINE_TIMING line_search 0.009498562
AVENUE_SPLINE_TIMING working_arrays 0.001961593
AVENUE_SPLINE_TIMING normal_equations 0.006448294
AVENUE_SPLINE_TIMING solve_evaluate 0.006248746
AVENUE_SPLINE_TIMING previous_deviance 0.00724647
AVENUE_SPLINE_TIMING line_search 0.009980512
AVENUE_SPLINE_TIMING working_arrays 0.00196015
AVENUE_SPLINE_TIMING normal_equations 0.003868944
AVENUE_SPLINE_TIMING solve_evaluate 0.004526886
AVENUE_SPLINE_TIMING previous_deviance 0.007222014
AVENUE_SPLINE_TIMING line_search 0.009510063
AVENUE_SPLINE_TIMING score_prepare 0.002283641
AVENUE_SPLINE_TIMING loadings 0.006414911
AVENUE_SPLINE_TIMING score_prepare 0.002293199
AVENUE_SPLINE_TIMING loadings 0.006105607
AVENUE_SPLINE_TIMING score_prepare 0.002295564
AVENUE_SPLINE_TIMING loadings 0.003868583
AVENUE_SPLINE_TIMING working_arrays 0.001959128
AVENUE_SPLINE_TIMING normal_equations 0.006227045
AVENUE_SPLINE_TIMING solve_evaluate 0.006302669
AVENUE_SPLINE_TIMING previous_deviance 0.007254275
AVENUE_SPLINE_TIMING line_search 0.010006951
AVENUE_SPLINE_TIMING working_arrays 0.001943049
AVENUE_SPLINE_TIMING normal_equations 0.006381036
AVENUE_SPLINE_TIMING solve_evaluate 0.006861624
AVENUE_SPLINE_TIMING previous_deviance 0.007204
AVENUE_SPLINE_TIMING line_search 0.009434812
AVENUE_SPLINE_TIMING working_arrays 0.001941565
AVENUE_SPLINE_TIMING normal_equations 0.003874895
AVENUE_SPLINE_TIMING solve_evaluate 0.004936049
AVENUE_SPLINE_TIMING previous_deviance 0.007240378
AVENUE_SPLINE_TIMING line_search 0.018847351
AVENUE_SPLINE_TIMING score_prepare 0.002304991
AVENUE_SPLINE_TIMING loadings 0.006427925
AVENUE_SPLINE_TIMING score_prepare 0.002290794
AVENUE_SPLINE_TIMING loadings 0.006054751
AVENUE_SPLINE_TIMING score_prepare 0.002314459
AVENUE_SPLINE_TIMING loadings 0.003973241
AVENUE_SPLINE_TIMING working_arrays 0.002237213
AVENUE_SPLINE_TIMING normal_equations 0.006195246
AVENUE_SPLINE_TIMING solve_evaluate 0.00632474
AVENUE_SPLINE_TIMING previous_deviance 0.007231813
AVENUE_SPLINE_TIMING line_search 0.009591447
AVENUE_SPLINE_TIMING working_arrays 0.001963507
AVENUE_SPLINE_TIMING normal_equations 0.00638822
AVENUE_SPLINE_TIMING solve_evaluate 0.006281008
AVENUE_SPLINE_TIMING previous_deviance 0.007192959
AVENUE_SPLINE_TIMING line_search 0.010230443
AVENUE_SPLINE_TIMING working_arrays 0.003044868
AVENUE_SPLINE_TIMING normal_equations 0.003856531
AVENUE_SPLINE_TIMING solve_evaluate 0.004806984
AVENUE_SPLINE_TIMING previous_deviance 0.007268501
AVENUE_SPLINE_TIMING line_search 0.009682789
AVENUE_SPLINE_TIMING score_prepare 0.002281507
AVENUE_SPLINE_TIMING loadings 0.006371638
AVENUE_SPLINE_TIMING score_prepare 0.002278451
AVENUE_SPLINE_TIMING loadings 0.006029664
AVENUE_SPLINE_TIMING score_prepare 0.002269214
AVENUE_SPLINE_TIMING loadings 0.003854727
AVENUE_SPLINE_TIMING working_arrays 0.001937017
AVENUE_SPLINE_TIMING normal_equations 0.006177442
AVENUE_SPLINE_TIMING solve_evaluate 0.006300805
AVENUE_SPLINE_TIMING previous_deviance 0.007259815
AVENUE_SPLINE_TIMING line_search 0.009586828
AVENUE_SPLINE_TIMING working_arrays 0.001929513
AVENUE_SPLINE_TIMING normal_equations 0.006352663
AVENUE_SPLINE_TIMING solve_evaluate 0.006110165
AVENUE_SPLINE_TIMING previous_deviance 0.007163293
AVENUE_SPLINE_TIMING line_search 0.009567933
AVENUE_SPLINE_TIMING working_arrays 0.001934953
AVENUE_SPLINE_TIMING normal_equations 0.003858915
AVENUE_SPLINE_TIMING solve_evaluate 0.004443278
AVENUE_SPLINE_TIMING previous_deviance 0.007201776
AVENUE_SPLINE_TIMING line_search 0.009589944
AVENUE_SPLINE_TIMING score_prepare 0.002283631
AVENUE_SPLINE_TIMING loadings 0.00642542
AVENUE_SPLINE_TIMING score_prepare 0.002289252
AVENUE_SPLINE_TIMING loadings 0.006037508
AVENUE_SPLINE_TIMING score_prepare 0.002291085
AVENUE_SPLINE_TIMING loadings 0.003882399
AVENUE_SPLINE_TIMING working_arrays 0.001947657
AVENUE_SPLINE_TIMING normal_equations 0.006179797
AVENUE_SPLINE_TIMING solve_evaluate 0.006094666
AVENUE_SPLINE_TIMING previous_deviance 0.007196246
AVENUE_SPLINE_TIMING line_search 0.009680064
AVENUE_SPLINE_TIMING working_arrays 0.001937488
AVENUE_SPLINE_TIMING normal_equations 0.006384954
AVENUE_SPLINE_TIMING solve_evaluate 0.006096258
AVENUE_SPLINE_TIMING previous_deviance 0.007168343
AVENUE_SPLINE_TIMING line_search 0.009599622
AVENUE_SPLINE_TIMING working_arrays 0.00193829
AVENUE_SPLINE_TIMING normal_equations 0.003863704
AVENUE_SPLINE_TIMING solve_evaluate 0.004257157
AVENUE_SPLINE_TIMING previous_deviance 0.007227685
AVENUE_SPLINE_TIMING line_search 0.009507118
AVENUE_SPLINE_TIMING score_prepare 0.002296225
AVENUE_SPLINE_TIMING loadings 0.006405162
AVENUE_SPLINE_TIMING score_prepare 0.002284804
AVENUE_SPLINE_TIMING loadings 0.006015867
AVENUE_SPLINE_TIMING score_prepare 0.002297397
AVENUE_SPLINE_TIMING loadings 0.003899031
AVENUE_SPLINE_TIMING working_arrays 0.001930394
AVENUE_SPLINE_TIMING normal_equations 0.006201547
AVENUE_SPLINE_TIMING solve_evaluate 0.006163396
AVENUE_SPLINE_TIMING previous_deviance 0.007197748
AVENUE_SPLINE_TIMING line_search 0.009570097
AVENUE_SPLINE_TIMING working_arrays 0.001915517
AVENUE_SPLINE_TIMING normal_equations 0.006367321
AVENUE_SPLINE_TIMING solve_evaluate 0.006078746
AVENUE_SPLINE_TIMING previous_deviance 0.007182459
AVENUE_SPLINE_TIMING line_search 0.009571139
AVENUE_SPLINE_TIMING working_arrays 0.001910297
AVENUE_SPLINE_TIMING normal_equations 0.003867511
AVENUE_SPLINE_TIMING solve_evaluate 0.004384507
AVENUE_SPLINE_TIMING previous_deviance 0.00721442
AVENUE_SPLINE_TIMING line_search 0.046088658
AVENUE_SPLINE_TIMING score_prepare 0.002286236
AVENUE_SPLINE_TIMING loadings 0.006434988
AVENUE_SPLINE_TIMING score_prepare 0.00229868
AVENUE_SPLINE_TIMING loadings 0.006035604
AVENUE_SPLINE_TIMING score_prepare 0.002294853
AVENUE_SPLINE_TIMING loadings 0.003886747
AVENUE_SPLINE_TIMING working_arrays 0.00194949
AVENUE_SPLINE_TIMING normal_equations 0.00614959
AVENUE_SPLINE_TIMING solve_evaluate 0.006178544
AVENUE_SPLINE_TIMING previous_deviance 0.007196847
AVENUE_SPLINE_TIMING line_search 0.009565127
AVENUE_SPLINE_TIMING working_arrays 0.00191752
AVENUE_SPLINE_TIMING normal_equations 0.006338947
AVENUE_SPLINE_TIMING solve_evaluate 0.006111327
AVENUE_SPLINE_TIMING previous_deviance 0.007197568
AVENUE_SPLINE_TIMING line_search 0.009567492
AVENUE_SPLINE_TIMING working_arrays 0.001925194
AVENUE_SPLINE_TIMING normal_equations 0.003844378
AVENUE_SPLINE_TIMING solve_evaluate 0.004293034
AVENUE_SPLINE_TIMING previous_deviance 0.00721985
AVENUE_SPLINE_TIMING line_search 0.00949751
AVENUE_SPLINE_TIMING score_prepare 0.002279634
AVENUE_SPLINE_TIMING loadings 0.006391526
AVENUE_SPLINE_TIMING score_prepare 0.002292117
AVENUE_SPLINE_TIMING loadings 0.006015947
AVENUE_SPLINE_TIMING score_prepare 0.002290664
AVENUE_SPLINE_TIMING loadings 0.003873432
AVENUE_SPLINE_TIMING working_arrays 0.00194933
AVENUE_SPLINE_TIMING normal_equations 0.006161441
AVENUE_SPLINE_TIMING solve_evaluate 0.006074368
AVENUE_SPLINE_TIMING previous_deviance 0.007205864
AVENUE_SPLINE_TIMING line_search 0.009582511
AVENUE_SPLINE_TIMING working_arrays 0.00190662
AVENUE_SPLINE_TIMING normal_equations 0.006365858
AVENUE_SPLINE_TIMING solve_evaluate 0.00611852
AVENUE_SPLINE_TIMING previous_deviance 0.007231622
AVENUE_SPLINE_TIMING line_search 0.011605179
AVENUE_SPLINE_TIMING working_arrays 0.001916478
AVENUE_SPLINE_TIMING normal_equations 0.003830251
AVENUE_SPLINE_TIMING solve_evaluate 0.004309776
AVENUE_SPLINE_TIMING previous_deviance 0.007169334
AVENUE_SPLINE_TIMING line_search 0.027814519
AVENUE_SPLINE_TIMING score_prepare 0.00236771
AVENUE_SPLINE_TIMING loadings 0.006484201
AVENUE_SPLINE_TIMING score_prepare 0.002290313
AVENUE_SPLINE_TIMING loadings 0.006214222
AVENUE_SPLINE_TIMING score_prepare 0.002294501
AVENUE_SPLINE_TIMING loadings 0.003936672
AVENUE_SPLINE_TIMING working_arrays 0.001955161
AVENUE_SPLINE_TIMING normal_equations 0.006312738
AVENUE_SPLINE_TIMING solve_evaluate 0.006261581
AVENUE_SPLINE_TIMING previous_deviance 0.007215381
AVENUE_SPLINE_TIMING line_search 0.009621043
AVENUE_SPLINE_TIMING working_arrays 0.001952366
AVENUE_SPLINE_TIMING normal_equations 0.006491766
AVENUE_SPLINE_TIMING solve_evaluate 0.006731688
AVENUE_SPLINE_TIMING previous_deviance 0.007245288
AVENUE_SPLINE_TIMING line_search 0.009984659
AVENUE_SPLINE_TIMING working_arrays 0.001940324
AVENUE_SPLINE_TIMING normal_equations 0.003959816
AVENUE_SPLINE_TIMING solve_evaluate 0.004598852
AVENUE_SPLINE_TIMING previous_deviance 0.007220561
AVENUE_SPLINE_TIMING line_search 0.009511165
AVENUE_SPLINE_TIMING score_prepare 0.002305382
AVENUE_SPLINE_TIMING loadings 0.006562849
AVENUE_SPLINE_TIMING score_prepare 0.002300633
AVENUE_SPLINE_TIMING loadings 0.006185657
AVENUE_SPLINE_TIMING score_prepare 0.002301515
AVENUE_SPLINE_TIMING loadings 0.004003618
AVENUE_SPLINE_TIMING working_arrays 0.001978705
AVENUE_SPLINE_TIMING normal_equations 0.006263495
AVENUE_SPLINE_TIMING solve_evaluate 0.006352833
AVENUE_SPLINE_TIMING previous_deviance 0.007232674
AVENUE_SPLINE_TIMING line_search 0.009523819
AVENUE_SPLINE_TIMING working_arrays 0.001941746
AVENUE_SPLINE_TIMING normal_equations 0.006490092
AVENUE_SPLINE_TIMING solve_evaluate 0.006740194
AVENUE_SPLINE_TIMING previous_deviance 0.007206745
AVENUE_SPLINE_TIMING line_search 0.010020607
AVENUE_SPLINE_TIMING working_arrays 0.001935905
AVENUE_SPLINE_TIMING normal_equations 0.003906635
AVENUE_SPLINE_TIMING solve_evaluate 0.004590867
AVENUE_SPLINE_TIMING previous_deviance 0.00726744
AVENUE_SPLINE_TIMING line_search 0.009883749
AVENUE_SPLINE_TIMING score_prepare 0.00233076
AVENUE_SPLINE_TIMING loadings 0.006507856
AVENUE_SPLINE_TIMING score_prepare 0.002295754
AVENUE_SPLINE_TIMING loadings 0.006142335
AVENUE_SPLINE_TIMING score_prepare 0.00229866
AVENUE_SPLINE_TIMING loadings 0.003915953
AVENUE_SPLINE_TIMING working_arrays 0.001969398
AVENUE_SPLINE_TIMING normal_equations 0.006280126
AVENUE_SPLINE_TIMING solve_evaluate 0.006396776
AVENUE_SPLINE_TIMING previous_deviance 0.007217766
AVENUE_SPLINE_TIMING line_search 0.010049932
AVENUE_SPLINE_TIMING working_arrays 0.001942898
AVENUE_SPLINE_TIMING normal_equations 0.006487928
AVENUE_SPLINE_TIMING solve_evaluate 0.006367671
AVENUE_SPLINE_TIMING previous_deviance 0.007218607
AVENUE_SPLINE_TIMING line_search 0.009439009
AVENUE_SPLINE_TIMING working_arrays 0.00193851
AVENUE_SPLINE_TIMING normal_equations 0.003917976
AVENUE_SPLINE_TIMING solve_evaluate 0.004579836
AVENUE_SPLINE_TIMING previous_deviance 0.007274142
AVENUE_SPLINE_TIMING line_search 0.009860956
AVENUE_SPLINE_TIMING score_prepare 0.002310352
AVENUE_SPLINE_TIMING loadings 0.006582657
AVENUE_SPLINE_TIMING score_prepare 0.002302597
AVENUE_SPLINE_TIMING loadings 0.006175989
AVENUE_SPLINE_TIMING score_prepare 0.002305803
AVENUE_SPLINE_TIMING loadings 0.004045137
AVENUE_SPLINE_TIMING working_arrays 0.001972634
AVENUE_SPLINE_TIMING normal_equations 0.006295194
AVENUE_SPLINE_TIMING solve_evaluate 0.006410873
AVENUE_SPLINE_TIMING previous_deviance 0.007208518
AVENUE_SPLINE_TIMING line_search 0.028207021
AVENUE_SPLINE_TIMING working_arrays 0.001961603
AVENUE_SPLINE_TIMING normal_equations 0.006491114
AVENUE_SPLINE_TIMING solve_evaluate 0.00640959
AVENUE_SPLINE_TIMING previous_deviance 0.007252532
AVENUE_SPLINE_TIMING line_search 0.010280197
AVENUE_SPLINE_TIMING working_arrays 0.001965771
AVENUE_SPLINE_TIMING normal_equations 0.003943184
AVENUE_SPLINE_TIMING solve_evaluate 0.004589504
AVENUE_SPLINE_TIMING previous_deviance 0.00719867
AVENUE_SPLINE_TIMING line_search 0.037172566
AVENUE_SPLINE_TIMING score_prepare 0.00247393
AVENUE_SPLINE_TIMING loadings 0.006494922
AVENUE_SPLINE_TIMING score_prepare 0.002319378
AVENUE_SPLINE_TIMING loadings 0.006175519
AVENUE_SPLINE_TIMING score_prepare 0.002332583
AVENUE_SPLINE_TIMING loadings 0.003963683
AVENUE_SPLINE_TIMING working_arrays 0.002127717
AVENUE_SPLINE_TIMING normal_equations 0.006471728
AVENUE_SPLINE_TIMING solve_evaluate 0.006226345
AVENUE_SPLINE_TIMING previous_deviance 0.007255548
AVENUE_SPLINE_TIMING line_search 0.018562303
AVENUE_SPLINE_TIMING working_arrays 0.001932529
AVENUE_SPLINE_TIMING normal_equations 0.006352813
AVENUE_SPLINE_TIMING solve_evaluate 0.006155049
AVENUE_SPLINE_TIMING previous_deviance 0.007315681
AVENUE_SPLINE_TIMING line_search 0.011742047
AVENUE_SPLINE_TIMING working_arrays 0.001931166
AVENUE_SPLINE_TIMING normal_equations 0.003850639
AVENUE_SPLINE_TIMING solve_evaluate 0.004420726
AVENUE_SPLINE_TIMING previous_deviance 0.007504588
AVENUE_SPLINE_TIMING line_search 0.027742814
AVENUE_SPLINE_TIMING score_prepare 0.002267942
AVENUE_SPLINE_TIMING loadings 0.00635625
AVENUE_SPLINE_TIMING score_prepare 0.002299802
AVENUE_SPLINE_TIMING loadings 0.006384272
AVENUE_SPLINE_TIMING score_prepare 0.002274795
AVENUE_SPLINE_TIMING loadings 0.003865948
AVENUE_SPLINE_TIMING working_arrays 0.002099804
AVENUE_SPLINE_TIMING normal_equations 0.00625569
AVENUE_SPLINE_TIMING solve_evaluate 0.006210515
AVENUE_SPLINE_TIMING previous_deviance 0.007185956
AVENUE_SPLINE_TIMING line_search 0.010409461
AVENUE_SPLINE_TIMING working_arrays 0.00329979
AVENUE_SPLINE_TIMING normal_equations 0.006376357
AVENUE_SPLINE_TIMING solve_evaluate 0.00618121
AVENUE_SPLINE_TIMING previous_deviance 0.007275324
AVENUE_SPLINE_TIMING line_search 0.009990381
AVENUE_SPLINE_TIMING working_arrays 0.001948669
AVENUE_SPLINE_TIMING normal_equations 0.003863413
AVENUE_SPLINE_TIMING solve_evaluate 0.004546253
AVENUE_SPLINE_TIMING previous_deviance 0.007153324
AVENUE_SPLINE_TIMING line_search 0.009579154
AVENUE_SPLINE_TIMING score_prepare 0.002296886
AVENUE_SPLINE_TIMING loadings 0.006459525
AVENUE_SPLINE_TIMING score_prepare 0.00258494
AVENUE_SPLINE_TIMING loadings 0.006141124
AVENUE_SPLINE_TIMING score_prepare 0.00231466
AVENUE_SPLINE_TIMING loadings 0.003931712
AVENUE_SPLINE_TIMING working_arrays 0.002263714
AVENUE_SPLINE_TIMING normal_equations 0.006221736
AVENUE_SPLINE_TIMING solve_evaluate 0.006177532
AVENUE_SPLINE_TIMING previous_deviance 0.007237853
AVENUE_SPLINE_TIMING line_search 0.009662953
AVENUE_SPLINE_TIMING working_arrays 0.001941625
AVENUE_SPLINE_TIMING normal_equations 0.006362321
AVENUE_SPLINE_TIMING solve_evaluate 0.006195546
AVENUE_SPLINE_TIMING previous_deviance 0.007213007
AVENUE_SPLINE_TIMING line_search 0.01037145
AVENUE_SPLINE_TIMING working_arrays 0.003536306
AVENUE_SPLINE_TIMING normal_equations 0.003869034
AVENUE_SPLINE_TIMING solve_evaluate 0.004579174
AVENUE_SPLINE_TIMING previous_deviance 0.00732038
AVENUE_SPLINE_TIMING line_search 0.019391017
AVENUE_SPLINE_TIMING score_prepare 0.002297747
AVENUE_SPLINE_TIMING loadings 0.006453443
AVENUE_SPLINE_TIMING score_prepare 0.00230945
AVENUE_SPLINE_TIMING loadings 0.006258906
AVENUE_SPLINE_TIMING score_prepare 0.002302436
AVENUE_SPLINE_TIMING loadings 0.003890424
AVENUE_SPLINE_TIMING working_arrays 0.002074797
AVENUE_SPLINE_TIMING normal_equations 0.006227286
AVENUE_SPLINE_TIMING solve_evaluate 0.006131957
AVENUE_SPLINE_TIMING previous_deviance 0.007775679
AVENUE_SPLINE_TIMING line_search 0.010703937
AVENUE_SPLINE_TIMING working_arrays 0.001941305
AVENUE_SPLINE_TIMING normal_equations 0.006358364
AVENUE_SPLINE_TIMING solve_evaluate 0.006156542
AVENUE_SPLINE_TIMING previous_deviance 0.007291905
AVENUE_SPLINE_TIMING line_search 0.009843032
AVENUE_SPLINE_TIMING working_arrays 0.001952366
AVENUE_SPLINE_TIMING normal_equations 0.00384541
AVENUE_SPLINE_TIMING solve_evaluate 0.004334483
AVENUE_SPLINE_TIMING previous_deviance 0.007250889
AVENUE_SPLINE_TIMING line_search 0.00958776
AVENUE_SPLINE_TIMING score_prepare 0.002275426
AVENUE_SPLINE_TIMING loadings 0.006400493
AVENUE_SPLINE_TIMING score_prepare 0.002317475
AVENUE_SPLINE_TIMING loadings 0.006771614
AVENUE_SPLINE_TIMING score_prepare 0.002273682
AVENUE_SPLINE_TIMING loadings 0.00387222
AVENUE_SPLINE_TIMING working_arrays 0.001943208
AVENUE_SPLINE_TIMING normal_equations 0.006222347
AVENUE_SPLINE_TIMING solve_evaluate 0.00618703
AVENUE_SPLINE_TIMING previous_deviance 0.007241991
AVENUE_SPLINE_TIMING line_search 0.018658705
AVENUE_SPLINE_TIMING working_arrays 0.001934102
AVENUE_SPLINE_TIMING normal_equations 0.00638853
AVENUE_SPLINE_TIMING solve_evaluate 0.006600701
AVENUE_SPLINE_TIMING previous_deviance 0.007302556
AVENUE_SPLINE_TIMING line_search 0.009630411
AVENUE_SPLINE_TIMING working_arrays 0.001953267
AVENUE_SPLINE_TIMING normal_equations 0.003882319
AVENUE_SPLINE_TIMING solve_evaluate 0.004558576
AVENUE_SPLINE_TIMING previous_deviance 0.007216975
AVENUE_SPLINE_TIMING line_search 0.009484876
AVENUE_SPLINE_TIMING score_prepare 0.002765471
AVENUE_SPLINE_TIMING loadings 0.006451139
AVENUE_SPLINE_TIMING score_prepare 0.002279573
AVENUE_SPLINE_TIMING loadings 0.006050593
AVENUE_SPLINE_TIMING score_prepare 0.002299552
AVENUE_SPLINE_TIMING loadings 0.003884895
AVENUE_SPLINE_TIMING working_arrays 0.001955171
AVENUE_SPLINE_TIMING normal_equations 0.006118331
AVENUE_SPLINE_TIMING solve_evaluate 0.006103822
AVENUE_SPLINE_TIMING previous_deviance 0.007194512
AVENUE_SPLINE_TIMING line_search 0.036958863
AVENUE_SPLINE_TIMING working_arrays 0.001937959
AVENUE_SPLINE_TIMING normal_equations 0.006495923
AVENUE_SPLINE_TIMING solve_evaluate 0.006187831
AVENUE_SPLINE_TIMING previous_deviance 0.007229408
AVENUE_SPLINE_TIMING line_search 0.009517447
AVENUE_SPLINE_TIMING working_arrays 0.001961894
AVENUE_SPLINE_TIMING normal_equations 0.003890895
AVENUE_SPLINE_TIMING solve_evaluate 0.004473856
AVENUE_SPLINE_TIMING previous_deviance 0.007256138
AVENUE_SPLINE_TIMING line_search 0.009507809
AVENUE_SPLINE_TIMING score_prepare 0.002305302
AVENUE_SPLINE_TIMING loadings 0.006491315
AVENUE_SPLINE_TIMING score_prepare 0.002294101
AVENUE_SPLINE_TIMING loadings 0.006082112
AVENUE_SPLINE_TIMING score_prepare 0.002295774
AVENUE_SPLINE_TIMING loadings 0.003919179
AVENUE_SPLINE_TIMING working_arrays 0.002081269
AVENUE_SPLINE_TIMING normal_equations 0.006172933
AVENUE_SPLINE_TIMING solve_evaluate 0.006117038
AVENUE_SPLINE_TIMING previous_deviance 0.007248695
AVENUE_SPLINE_TIMING line_search 0.155983361
AVENUE_SPLINE_TIMING working_arrays 0.00191263
AVENUE_SPLINE_TIMING normal_equations 0.006337925
AVENUE_SPLINE_TIMING solve_evaluate 0.006099414
AVENUE_SPLINE_TIMING previous_deviance 0.007161059
AVENUE_SPLINE_TIMING line_search 0.009527677
AVENUE_SPLINE_TIMING working_arrays 0.001953899
AVENUE_SPLINE_TIMING normal_equations 0.003858584
AVENUE_SPLINE_TIMING solve_evaluate 0.004469898
AVENUE_SPLINE_TIMING previous_deviance 0.00721957
AVENUE_SPLINE_TIMING line_search 0.009561921
AVENUE_SPLINE_TIMING score_prepare 0.002493968
AVENUE_SPLINE_TIMING loadings 0.006454064
AVENUE_SPLINE_TIMING score_prepare 0.002308158
AVENUE_SPLINE_TIMING loadings 0.006346081
AVENUE_SPLINE_TIMING score_prepare 0.002308708
AVENUE_SPLINE_TIMING loadings 0.00384579
AVENUE_SPLINE_TIMING working_arrays 0.001996139
AVENUE_SPLINE_TIMING normal_equations 0.006126606
AVENUE_SPLINE_TIMING solve_evaluate 0.006094235
AVENUE_SPLINE_TIMING previous_deviance 0.007194382
AVENUE_SPLINE_TIMING line_search 0.009468334
AVENUE_SPLINE_TIMING working_arrays 0.001921848
AVENUE_SPLINE_TIMING normal_equations 0.006369955
AVENUE_SPLINE_TIMING solve_evaluate 0.006116858
AVENUE_SPLINE_TIMING previous_deviance 0.007194392
AVENUE_SPLINE_TIMING line_search 0.009475328
AVENUE_SPLINE_TIMING working_arrays 0.001918312
AVENUE_SPLINE_TIMING normal_equations 0.003885746
AVENUE_SPLINE_TIMING solve_evaluate 0.00430124
AVENUE_SPLINE_TIMING previous_deviance 0.007200914
AVENUE_SPLINE_TIMING line_search 0.009423089
AVENUE_SPLINE_TIMING score_prepare 0.002279744
AVENUE_SPLINE_TIMING loadings 0.00634583
AVENUE_SPLINE_TIMING score_prepare 0.002291136
AVENUE_SPLINE_TIMING loadings 0.006011299
AVENUE_SPLINE_TIMING score_prepare 0.002286216
AVENUE_SPLINE_TIMING loadings 0.003837615
AVENUE_SPLINE_TIMING working_arrays 0.001935103
AVENUE_SPLINE_TIMING normal_equations 0.006106719
AVENUE_SPLINE_TIMING solve_evaluate 0.0060171
AVENUE_SPLINE_TIMING previous_deviance 0.007197929
AVENUE_SPLINE_TIMING line_search 0.009471951
AVENUE_SPLINE_TIMING working_arrays 0.001929322
AVENUE_SPLINE_TIMING normal_equations 0.006357161
AVENUE_SPLINE_TIMING solve_evaluate 0.006126025
AVENUE_SPLINE_TIMING previous_deviance 0.007164346
AVENUE_SPLINE_TIMING line_search 0.009487702
AVENUE_SPLINE_TIMING working_arrays 0.001936175
AVENUE_SPLINE_TIMING normal_equations 0.003859927
AVENUE_SPLINE_TIMING solve_evaluate 0.004493002
AVENUE_SPLINE_TIMING previous_deviance 0.0072149
AVENUE_SPLINE_TIMING line_search 0.073151869
AVENUE_SPLINE_TIMING score_prepare 0.00263258
AVENUE_SPLINE_TIMING loadings 0.006314159
AVENUE_SPLINE_TIMING score_prepare 0.002277199
AVENUE_SPLINE_TIMING loadings 0.006106469
AVENUE_SPLINE_TIMING score_prepare 0.002270687
AVENUE_SPLINE_TIMING loadings 0.003857984
AVENUE_SPLINE_TIMING working_arrays 0.00194922
AVENUE_SPLINE_TIMING normal_equations 0.006181019
AVENUE_SPLINE_TIMING solve_evaluate 0.006165399
AVENUE_SPLINE_TIMING previous_deviance 0.007185495
AVENUE_SPLINE_TIMING line_search 0.020569051
AVENUE_SPLINE_TIMING working_arrays 0.002538602
AVENUE_SPLINE_TIMING normal_equations 0.006382689
AVENUE_SPLINE_TIMING solve_evaluate 0.006131645
AVENUE_SPLINE_TIMING previous_deviance 0.007235149
AVENUE_SPLINE_TIMING line_search 0.009521295
AVENUE_SPLINE_TIMING working_arrays 0.001923962
AVENUE_SPLINE_TIMING normal_equations 0.003885646
AVENUE_SPLINE_TIMING solve_evaluate 0.004397511
AVENUE_SPLINE_TIMING previous_deviance 0.007210743
AVENUE_SPLINE_TIMING line_search 0.009537185
AVENUE_SPLINE_TIMING score_prepare 0.002303589
AVENUE_SPLINE_TIMING loadings 0.006512344
AVENUE_SPLINE_TIMING score_prepare 0.002282219
AVENUE_SPLINE_TIMING loadings 0.00604928
AVENUE_SPLINE_TIMING score_prepare 0.002297206
AVENUE_SPLINE_TIMING loadings 0.004008427
AVENUE_SPLINE_TIMING working_arrays 0.001947787
AVENUE_SPLINE_TIMING normal_equations 0.006235472
AVENUE_SPLINE_TIMING solve_evaluate 0.006132186
AVENUE_SPLINE_TIMING previous_deviance 0.007232093
AVENUE_SPLINE_TIMING line_search 0.018705212
AVENUE_SPLINE_TIMING working_arrays 0.001950893
AVENUE_SPLINE_TIMING normal_equations 0.006371419
AVENUE_SPLINE_TIMING solve_evaluate 0.00618714
AVENUE_SPLINE_TIMING previous_deviance 0.007305331
AVENUE_SPLINE_TIMING line_search 0.011502525
AVENUE_SPLINE_TIMING working_arrays 0.00201803
AVENUE_SPLINE_TIMING normal_equations 0.003862993
AVENUE_SPLINE_TIMING solve_evaluate 0.004558125
AVENUE_SPLINE_TIMING previous_deviance 0.007205082
AVENUE_SPLINE_TIMING line_search 0.009561611
AVENUE_SPLINE_TIMING score_prepare 0.002442832
AVENUE_SPLINE_TIMING loadings 0.00643596
AVENUE_SPLINE_TIMING score_prepare 0.002318557
AVENUE_SPLINE_TIMING loadings 0.006265418
AVENUE_SPLINE_TIMING score_prepare 0.002316463
AVENUE_SPLINE_TIMING loadings 0.003998559
AVENUE_SPLINE_TIMING working_arrays 0.002123749
AVENUE_SPLINE_TIMING normal_equations 0.006165951
AVENUE_SPLINE_TIMING solve_evaluate 0.00608628
AVENUE_SPLINE_TIMING previous_deviance 0.007575141
AVENUE_SPLINE_TIMING line_search 0.010325804
AVENUE_SPLINE_TIMING working_arrays 0.001971091
AVENUE_SPLINE_TIMING normal_equations 0.006373572
AVENUE_SPLINE_TIMING solve_evaluate 0.006210705
AVENUE_SPLINE_TIMING previous_deviance 0.007599477
AVENUE_SPLINE_TIMING line_search 0.010261913
AVENUE_SPLINE_TIMING working_arrays 0.001958567
AVENUE_SPLINE_TIMING normal_equations 0.00386686
AVENUE_SPLINE_TIMING solve_evaluate 0.004360632
AVENUE_SPLINE_TIMING previous_deviance 0.007221864
AVENUE_SPLINE_TIMING line_search 0.009618258
AVENUE_SPLINE_TIMING score_prepare 0.002275346
AVENUE_SPLINE_TIMING loadings 0.006570814
AVENUE_SPLINE_TIMING score_prepare 0.002339126
AVENUE_SPLINE_TIMING loadings 0.007052154
AVENUE_SPLINE_TIMING score_prepare 0.00231519
AVENUE_SPLINE_TIMING loadings 0.004195601
AVENUE_SPLINE_TIMING working_arrays 0.001931226
AVENUE_SPLINE_TIMING normal_equations 0.006229721
AVENUE_SPLINE_TIMING solve_evaluate 0.006170349
AVENUE_SPLINE_TIMING previous_deviance 0.007566484
AVENUE_SPLINE_TIMING line_search 0.157695293
AVENUE_SPLINE_TIMING working_arrays 0.001926016
AVENUE_SPLINE_TIMING normal_equations 0.006361469
AVENUE_SPLINE_TIMING solve_evaluate 0.006247134
AVENUE_SPLINE_TIMING previous_deviance 0.007174303
AVENUE_SPLINE_TIMING line_search 0.009610353
AVENUE_SPLINE_TIMING working_arrays 0.001959239
AVENUE_SPLINE_TIMING normal_equations 0.004075644
AVENUE_SPLINE_TIMING solve_evaluate 0.004504574
AVENUE_SPLINE_TIMING previous_deviance 0.007316763
AVENUE_SPLINE_TIMING line_search 0.04710135
AVENUE_SPLINE_TIMING score_prepare 0.002279033
AVENUE_SPLINE_TIMING loadings 0.006426853
AVENUE_SPLINE_TIMING score_prepare 0.002305312
AVENUE_SPLINE_TIMING loadings 0.006055532
AVENUE_SPLINE_TIMING score_prepare 0.002294873
AVENUE_SPLINE_TIMING loadings 0.004116541
AVENUE_SPLINE_TIMING working_arrays 0.001959991
AVENUE_SPLINE_TIMING normal_equations 0.006177021
AVENUE_SPLINE_TIMING solve_evaluate 0.006102962
AVENUE_SPLINE_TIMING previous_deviance 0.007243004
AVENUE_SPLINE_TIMING line_search 0.019835426
AVENUE_SPLINE_TIMING working_arrays 0.001929512
AVENUE_SPLINE_TIMING normal_equations 0.006353324
AVENUE_SPLINE_TIMING solve_evaluate 0.006125774
AVENUE_SPLINE_TIMING previous_deviance 0.007578136
AVENUE_SPLINE_TIMING line_search 0.010908133
AVENUE_SPLINE_TIMING working_arrays 0.001962975
AVENUE_SPLINE_TIMING normal_equations 0.003864947
AVENUE_SPLINE_TIMING solve_evaluate 0.004361885
AVENUE_SPLINE_TIMING previous_deviance 0.007229618
AVENUE_SPLINE_TIMING line_search 0.03792667
AVENUE_SPLINE_TIMING score_prepare 0.002463781
AVENUE_SPLINE_TIMING loadings 0.00645715
AVENUE_SPLINE_TIMING score_prepare 0.002295163
AVENUE_SPLINE_TIMING loadings 0.006109624
AVENUE_SPLINE_TIMING score_prepare 0.002291196
AVENUE_SPLINE_TIMING loadings 0.003875767
AVENUE_SPLINE_TIMING working_arrays 0.002075598
AVENUE_SPLINE_TIMING normal_equations 0.006190386
AVENUE_SPLINE_TIMING solve_evaluate 0.00612373
AVENUE_SPLINE_TIMING previous_deviance 0.008064604
AVENUE_SPLINE_TIMING line_search 0.010291218
AVENUE_SPLINE_TIMING working_arrays 0.00299854
AVENUE_SPLINE_TIMING normal_equations 0.006389372
AVENUE_SPLINE_TIMING solve_evaluate 0.006285075
AVENUE_SPLINE_TIMING previous_deviance 0.007633562
AVENUE_SPLINE_TIMING line_search 0.010199114
AVENUE_SPLINE_TIMING working_arrays 0.003052964
AVENUE_SPLINE_TIMING normal_equations 0.003851441
AVENUE_SPLINE_TIMING solve_evaluate 0.004296411
AVENUE_SPLINE_TIMING previous_deviance 0.007251149
AVENUE_SPLINE_TIMING line_search 0.009564677
AVENUE_SPLINE_TIMING score_prepare 0.002364313
AVENUE_SPLINE_TIMING loadings 0.006683478
AVENUE_SPLINE_TIMING score_prepare 0.002498166
AVENUE_SPLINE_TIMING loadings 0.006198221
AVENUE_SPLINE_TIMING score_prepare 0.002313438
AVENUE_SPLINE_TIMING loadings 0.004005111
AVENUE_SPLINE_TIMING working_arrays 0.001940353
AVENUE_SPLINE_TIMING normal_equations 0.006167674
AVENUE_SPLINE_TIMING solve_evaluate 0.006092762
AVENUE_SPLINE_TIMING previous_deviance 0.007214309
AVENUE_SPLINE_TIMING line_search 0.009560128
AVENUE_SPLINE_TIMING working_arrays 0.00193334
AVENUE_SPLINE_TIMING normal_equations 0.006355298
AVENUE_SPLINE_TIMING solve_evaluate 0.00638317
AVENUE_SPLINE_TIMING previous_deviance 0.007316933
AVENUE_SPLINE_TIMING line_search 0.009827793
AVENUE_SPLINE_TIMING working_arrays 0.001939492
AVENUE_SPLINE_TIMING normal_equations 0.003872551
AVENUE_SPLINE_TIMING solve_evaluate 0.004276663
AVENUE_SPLINE_TIMING previous_deviance 0.007727098
AVENUE_SPLINE_TIMING line_search 0.010050694
AVENUE_SPLINE_TIMING score_prepare 0.002311434
AVENUE_SPLINE_TIMING loadings 0.006350148
AVENUE_SPLINE_TIMING score_prepare 0.002287999
AVENUE_SPLINE_TIMING loadings 0.006028861
AVENUE_SPLINE_TIMING score_prepare 0.002299541
AVENUE_SPLINE_TIMING loadings 0.003853195
AVENUE_SPLINE_TIMING working_arrays 0.0021664
AVENUE_SPLINE_TIMING normal_equations 0.006189825
AVENUE_SPLINE_TIMING solve_evaluate 0.00619266
AVENUE_SPLINE_TIMING previous_deviance 0.00750553
AVENUE_SPLINE_TIMING line_search 0.027925168
AVENUE_SPLINE_TIMING working_arrays 0.00194947
AVENUE_SPLINE_TIMING normal_equations 0.006380976
AVENUE_SPLINE_TIMING solve_evaluate 0.006118771
AVENUE_SPLINE_TIMING previous_deviance 0.007185385
AVENUE_SPLINE_TIMING line_search 0.009561801
AVENUE_SPLINE_TIMING working_arrays 0.002259796
AVENUE_SPLINE_TIMING normal_equations 0.004776347
AVENUE_SPLINE_TIMING solve_evaluate 0.004508602
AVENUE_SPLINE_TIMING previous_deviance 0.007274533
AVENUE_SPLINE_TIMING line_search 0.018765546
AVENUE_SPLINE_TIMING score_prepare 0.002303899
AVENUE_SPLINE_TIMING loadings 0.006425661
AVENUE_SPLINE_TIMING score_prepare 0.002311504
AVENUE_SPLINE_TIMING loadings 0.006066372
AVENUE_SPLINE_TIMING score_prepare 0.002299
AVENUE_SPLINE_TIMING loadings 0.003872821
AVENUE_SPLINE_TIMING working_arrays 0.002042746
AVENUE_SPLINE_TIMING normal_equations 0.006132056
AVENUE_SPLINE_TIMING solve_evaluate 0.006172943
AVENUE_SPLINE_TIMING previous_deviance 0.007509497
AVENUE_SPLINE_TIMING line_search 0.009641983
AVENUE_SPLINE_TIMING working_arrays 0.001931897
AVENUE_SPLINE_TIMING normal_equations 0.006325882
AVENUE_SPLINE_TIMING solve_evaluate 0.006201668
AVENUE_SPLINE_TIMING previous_deviance 0.007374391
AVENUE_SPLINE_TIMING line_search 0.009472804
AVENUE_SPLINE_TIMING working_arrays 0.001936886
AVENUE_SPLINE_TIMING normal_equations 0.003837074
AVENUE_SPLINE_TIMING solve_evaluate 0.004265593
AVENUE_SPLINE_TIMING previous_deviance 0.007216563
AVENUE_SPLINE_TIMING line_search 0.009561431
AVENUE_SPLINE_TIMING score_prepare 0.002390964
AVENUE_SPLINE_TIMING loadings 0.006356029
AVENUE_SPLINE_TIMING score_prepare 0.002280646
AVENUE_SPLINE_TIMING loadings 0.005965983
AVENUE_SPLINE_TIMING score_prepare 0.002271218
AVENUE_SPLINE_TIMING loadings 0.00384071
AVENUE_SPLINE_TIMING working_arrays 0.001959298
AVENUE_SPLINE_TIMING normal_equations 0.006143107
AVENUE_SPLINE_TIMING solve_evaluate 0.006085779
AVENUE_SPLINE_TIMING previous_deviance 0.007199682
AVENUE_SPLINE_TIMING line_search 0.018622506
AVENUE_SPLINE_TIMING working_arrays 0.001934222
AVENUE_SPLINE_TIMING normal_equations 0.006363724
AVENUE_SPLINE_TIMING solve_evaluate 0.006064198
AVENUE_SPLINE_TIMING previous_deviance 0.007199923
AVENUE_SPLINE_TIMING line_search 0.009450181
AVENUE_SPLINE_TIMING working_arrays 0.001934582
AVENUE_SPLINE_TIMING normal_equations 0.00384028
AVENUE_SPLINE_TIMING solve_evaluate 0.004542897
AVENUE_SPLINE_TIMING previous_deviance 0.007217475
AVENUE_SPLINE_TIMING line_search 0.009428009
AVENUE_SPLINE_TIMING score_prepare 0.002363872
AVENUE_SPLINE_TIMING loadings 0.00636204
AVENUE_SPLINE_TIMING score_prepare 0.002290374
AVENUE_SPLINE_TIMING loadings 0.006014985
AVENUE_SPLINE_TIMING score_prepare 0.002294742
AVENUE_SPLINE_TIMING loadings 0.003862041
AVENUE_SPLINE_TIMING working_arrays 0.001953498
AVENUE_SPLINE_TIMING normal_equations 0.006124201
AVENUE_SPLINE_TIMING solve_evaluate 0.006036035
AVENUE_SPLINE_TIMING previous_deviance 0.007213117
AVENUE_SPLINE_TIMING line_search 0.027678703
AVENUE_SPLINE_TIMING working_arrays 0.001948058
AVENUE_SPLINE_TIMING normal_equations 0.0063672
AVENUE_SPLINE_TIMING solve_evaluate 0.006120054
AVENUE_SPLINE_TIMING previous_deviance 0.007175827
AVENUE_SPLINE_TIMING line_search 0.009542013
AVENUE_SPLINE_TIMING working_arrays 0.00194931
AVENUE_SPLINE_TIMING normal_equations 0.003862652
AVENUE_SPLINE_TIMING solve_evaluate 0.004410726
AVENUE_SPLINE_TIMING previous_deviance 0.007218678
AVENUE_SPLINE_TIMING line_search 0.009468244
AVENUE_SPLINE_TIMING score_prepare 0.002709305
AVENUE_SPLINE_TIMING loadings 0.006382378
AVENUE_SPLINE_TIMING score_prepare 0.00228284
AVENUE_SPLINE_TIMING loadings 0.006055733
AVENUE_SPLINE_TIMING score_prepare 0.002292508
AVENUE_SPLINE_TIMING loadings 0.003885705
AVENUE_SPLINE_TIMING working_arrays 0.002033439
AVENUE_SPLINE_TIMING normal_equations 0.006250821
AVENUE_SPLINE_TIMING solve_evaluate 0.006370607
AVENUE_SPLINE_TIMING previous_deviance 0.007190063
AVENUE_SPLINE_TIMING line_search 0.027740149
AVENUE_SPLINE_TIMING working_arrays 0.001933631
AVENUE_SPLINE_TIMING normal_equations 0.006344978
AVENUE_SPLINE_TIMING solve_evaluate 0.006138508
AVENUE_SPLINE_TIMING previous_deviance 0.007207807
AVENUE_SPLINE_TIMING line_search 0.009413341
AVENUE_SPLINE_TIMING working_arrays 0.001928291
AVENUE_SPLINE_TIMING normal_equations 0.003850689
AVENUE_SPLINE_TIMING solve_evaluate 0.004571841
AVENUE_SPLINE_TIMING previous_deviance 0.007238756
AVENUE_SPLINE_TIMING line_search 0.018630592
AVENUE_SPLINE_TIMING score_prepare 0.002280285
AVENUE_SPLINE_TIMING loadings 0.006377179
AVENUE_SPLINE_TIMING score_prepare 0.002290955
AVENUE_SPLINE_TIMING loadings 0.006024543
AVENUE_SPLINE_TIMING score_prepare 0.002286176
AVENUE_SPLINE_TIMING loadings 0.0038666
AVENUE_SPLINE_TIMING working_arrays 0.00194352
AVENUE_SPLINE_TIMING normal_equations 0.006360388
AVENUE_SPLINE_TIMING solve_evaluate 0.0061234
AVENUE_SPLINE_TIMING previous_deviance 0.007254255
AVENUE_SPLINE_TIMING line_search 0.119924698
AVENUE_SPLINE_TIMING working_arrays 0.00195501
AVENUE_SPLINE_TIMING normal_equations 0.00635663
AVENUE_SPLINE_TIMING solve_evaluate 0.006154939
AVENUE_SPLINE_TIMING previous_deviance 0.007319378
AVENUE_SPLINE_TIMING line_search 0.011307116
AVENUE_SPLINE_TIMING working_arrays 0.002441288
AVENUE_SPLINE_TIMING normal_equations 0.003863974
AVENUE_SPLINE_TIMING solve_evaluate 0.004576981
AVENUE_SPLINE_TIMING previous_deviance 0.007223517
AVENUE_SPLINE_TIMING line_search 0.019425432
AVENUE_SPLINE_TIMING score_prepare 0.002368371
AVENUE_SPLINE_TIMING loadings 0.006468702
AVENUE_SPLINE_TIMING score_prepare 0.002315601
AVENUE_SPLINE_TIMING loadings 0.006213921
AVENUE_SPLINE_TIMING score_prepare 0.002301314
AVENUE_SPLINE_TIMING loadings 0.003900835
AVENUE_SPLINE_TIMING working_arrays 0.00194911
AVENUE_SPLINE_TIMING normal_equations 0.00626079
AVENUE_SPLINE_TIMING solve_evaluate 0.00620839
AVENUE_SPLINE_TIMING previous_deviance 0.008789312
AVENUE_SPLINE_TIMING line_search 0.012494538
AVENUE_SPLINE_TIMING working_arrays 0.001926607
AVENUE_SPLINE_TIMING normal_equations 0.006486005
AVENUE_SPLINE_TIMING solve_evaluate 0.006357693
AVENUE_SPLINE_TIMING previous_deviance 0.007233556
AVENUE_SPLINE_TIMING line_search 0.009660658
AVENUE_SPLINE_TIMING working_arrays 0.001956193
AVENUE_SPLINE_TIMING normal_equations 0.003886587
AVENUE_SPLINE_TIMING solve_evaluate 0.004528279
AVENUE_SPLINE_TIMING previous_deviance 0.007234768
AVENUE_SPLINE_TIMING line_search 0.009491528
AVENUE_SPLINE_TIMING score_prepare 0.002313357
AVENUE_SPLINE_TIMING loadings 0.006601092
AVENUE_SPLINE_TIMING score_prepare 0.003137663
AVENUE_SPLINE_TIMING loadings 0.006264657
AVENUE_SPLINE_TIMING score_prepare 0.002313838
AVENUE_SPLINE_TIMING loadings 0.003932474
AVENUE_SPLINE_TIMING working_arrays 0.002192028
AVENUE_SPLINE_TIMING normal_equations 0.006211456
AVENUE_SPLINE_TIMING solve_evaluate 0.00619731
AVENUE_SPLINE_TIMING previous_deviance 0.007193099
AVENUE_SPLINE_TIMING line_search 0.009467974
AVENUE_SPLINE_TIMING working_arrays 0.001932668
AVENUE_SPLINE_TIMING normal_equations 0.006347814
AVENUE_SPLINE_TIMING solve_evaluate 0.006277672
AVENUE_SPLINE_TIMING previous_deviance 0.007277569
AVENUE_SPLINE_TIMING line_search 0.009902915
AVENUE_SPLINE_TIMING working_arrays 0.001947287
AVENUE_SPLINE_TIMING normal_equations 0.003886517
AVENUE_SPLINE_TIMING solve_evaluate 0.004562613
AVENUE_SPLINE_TIMING previous_deviance 0.007277669
AVENUE_SPLINE_TIMING line_search 0.019429029
AVENUE_SPLINE_TIMING score_prepare 0.002305683
AVENUE_SPLINE_TIMING loadings 0.006532463
AVENUE_SPLINE_TIMING score_prepare 0.002299581
AVENUE_SPLINE_TIMING loadings 0.006108592
AVENUE_SPLINE_TIMING score_prepare 0.002318126
AVENUE_SPLINE_TIMING loadings 0.003836092
AVENUE_SPLINE_TIMING working_arrays 0.001930995
AVENUE_SPLINE_TIMING normal_equations 0.006112399
AVENUE_SPLINE_TIMING solve_evaluate 0.006015807
AVENUE_SPLINE_TIMING previous_deviance 0.007177931
AVENUE_SPLINE_TIMING line_search 0.009695864
AVENUE_SPLINE_TIMING working_arrays 0.001963567
AVENUE_SPLINE_TIMING normal_equations 0.00643583
AVENUE_SPLINE_TIMING solve_evaluate 0.006128439
AVENUE_SPLINE_TIMING previous_deviance 0.007299219
AVENUE_SPLINE_TIMING line_search 0.019032941
AVENUE_SPLINE_TIMING working_arrays 0.001935143
AVENUE_SPLINE_TIMING normal_equations 0.003854286
AVENUE_SPLINE_TIMING solve_evaluate 0.004351926
AVENUE_SPLINE_TIMING previous_deviance 0.00720386
AVENUE_SPLINE_TIMING line_search 0.019333438
AVENUE_SPLINE_TIMING score_prepare 0.00232536
AVENUE_SPLINE_TIMING loadings 0.006399812
AVENUE_SPLINE_TIMING score_prepare 0.003228505
AVENUE_SPLINE_TIMING loadings 0.00630354
AVENUE_SPLINE_TIMING score_prepare 0.002314469
AVENUE_SPLINE_TIMING loadings 0.003961889
AVENUE_SPLINE_TIMING working_arrays 0.00193345
AVENUE_SPLINE_TIMING normal_equations 0.006758879
AVENUE_SPLINE_TIMING solve_evaluate 0.006617302
AVENUE_SPLINE_TIMING previous_deviance 0.007243926
AVENUE_SPLINE_TIMING line_search 0.009462493
AVENUE_SPLINE_TIMING working_arrays 0.001961824
AVENUE_SPLINE_TIMING normal_equations 0.006481686
AVENUE_SPLINE_TIMING solve_evaluate 0.006242204
AVENUE_SPLINE_TIMING previous_deviance 0.007273071
AVENUE_SPLINE_TIMING line_search 0.00983156
AVENUE_SPLINE_TIMING working_arrays 0.00195962
AVENUE_SPLINE_TIMING normal_equations 0.003923667
AVENUE_SPLINE_TIMING solve_evaluate 0.004400136
AVENUE_SPLINE_TIMING previous_deviance 0.007608504
AVENUE_SPLINE_TIMING line_search 0.010560627
AVENUE_SPLINE_TIMING score_prepare 0.00251084
AVENUE_SPLINE_TIMING loadings 0.0066532
AVENUE_SPLINE_TIMING score_prepare 0.002411583
AVENUE_SPLINE_TIMING loadings 0.006262182
AVENUE_SPLINE_TIMING score_prepare 0.002315351
AVENUE_SPLINE_TIMING loadings 0.00393022
AVENUE_SPLINE_TIMING working_arrays 0.001930975
AVENUE_SPLINE_TIMING normal_equations 0.006255088
AVENUE_SPLINE_TIMING solve_evaluate 0.006628704
AVENUE_SPLINE_TIMING previous_deviance 0.007266678
AVENUE_SPLINE_TIMING line_search 0.009526664
AVENUE_SPLINE_TIMING working_arrays 0.001954901
AVENUE_SPLINE_TIMING normal_equations 0.006452221
AVENUE_SPLINE_TIMING solve_evaluate 0.006165049
AVENUE_SPLINE_TIMING previous_deviance 0.007300652
AVENUE_SPLINE_TIMING line_search 0.009675555
AVENUE_SPLINE_TIMING working_arrays 0.001946185
AVENUE_SPLINE_TIMING normal_equations 0.00391999
AVENUE_SPLINE_TIMING solve_evaluate 0.004422078
AVENUE_SPLINE_TIMING previous_deviance 0.007216875
AVENUE_SPLINE_TIMING line_search 0.092326798
AVENUE_SPLINE_TIMING score_prepare 0.002523313
AVENUE_SPLINE_TIMING loadings 0.006463953
AVENUE_SPLINE_TIMING score_prepare 0.002289272
AVENUE_SPLINE_TIMING loadings 0.006105867
AVENUE_SPLINE_TIMING score_prepare 0.00233056
AVENUE_SPLINE_TIMING loadings 0.00409456
AVENUE_SPLINE_TIMING working_arrays 0.001943329
AVENUE_SPLINE_TIMING normal_equations 0.006218339
AVENUE_SPLINE_TIMING solve_evaluate 0.006193592
AVENUE_SPLINE_TIMING previous_deviance 0.007223317
AVENUE_SPLINE_TIMING line_search 0.009644697
AVENUE_SPLINE_TIMING working_arrays 0.001946244
AVENUE_SPLINE_TIMING normal_equations 0.006405763
AVENUE_SPLINE_TIMING solve_evaluate 0.00626096
AVENUE_SPLINE_TIMING previous_deviance 0.007245728
AVENUE_SPLINE_TIMING line_search 0.046636232
AVENUE_SPLINE_TIMING working_arrays 0.001928831
AVENUE_SPLINE_TIMING normal_equations 0.003930099
AVENUE_SPLINE_TIMING solve_evaluate 0.004558807
AVENUE_SPLINE_TIMING previous_deviance 0.007211735
AVENUE_SPLINE_TIMING line_search 0.046899839
AVENUE_SPLINE_TIMING score_prepare 0.002287609
AVENUE_SPLINE_TIMING loadings 0.00647282
AVENUE_SPLINE_TIMING score_prepare 0.002313668
AVENUE_SPLINE_TIMING loadings 0.006364104
AVENUE_SPLINE_TIMING score_prepare 0.002381235
AVENUE_SPLINE_TIMING loadings 0.004601417
AVENUE_SPLINE_TIMING working_arrays 0.001951504
AVENUE_SPLINE_TIMING normal_equations 0.006248086
AVENUE_SPLINE_TIMING solve_evaluate 0.006316885
AVENUE_SPLINE_TIMING previous_deviance 0.007236131
AVENUE_SPLINE_TIMING line_search 0.009621423
AVENUE_SPLINE_TIMING working_arrays 0.001945553
AVENUE_SPLINE_TIMING normal_equations 0.006438194
AVENUE_SPLINE_TIMING solve_evaluate 0.006343806
AVENUE_SPLINE_TIMING previous_deviance 0.007192398
AVENUE_SPLINE_TIMING line_search 0.009539398
AVENUE_SPLINE_TIMING working_arrays 0.001929753
AVENUE_SPLINE_TIMING normal_equations 0.003917917
AVENUE_SPLINE_TIMING solve_evaluate 0.004548607
AVENUE_SPLINE_TIMING previous_deviance 0.007227184
AVENUE_SPLINE_TIMING line_search 0.009542925
AVENUE_SPLINE_TIMING score_prepare 0.002298018
AVENUE_SPLINE_TIMING loadings 0.006489601
AVENUE_SPLINE_TIMING score_prepare 0.002297678
AVENUE_SPLINE_TIMING loadings 0.006108632
AVENUE_SPLINE_TIMING score_prepare 0.002292107
AVENUE_SPLINE_TIMING loadings 0.003907597
AVENUE_SPLINE_TIMING working_arrays 0.001948388
AVENUE_SPLINE_TIMING normal_equations 0.006259857
AVENUE_SPLINE_TIMING solve_evaluate 0.006283523
AVENUE_SPLINE_TIMING previous_deviance 0.007212687
AVENUE_SPLINE_TIMING line_search 0.009483143
AVENUE_SPLINE_TIMING working_arrays 0.001945622
AVENUE_SPLINE_TIMING normal_equations 0.006442974
AVENUE_SPLINE_TIMING solve_evaluate 0.00630344
AVENUE_SPLINE_TIMING previous_deviance 0.00722492
AVENUE_SPLINE_TIMING line_search 0.018622726
AVENUE_SPLINE_TIMING working_arrays 0.001931346
AVENUE_SPLINE_TIMING normal_equations 0.003929197
AVENUE_SPLINE_TIMING solve_evaluate 0.004563314
AVENUE_SPLINE_TIMING previous_deviance 0.007253203
AVENUE_SPLINE_TIMING line_search 0.082458087
AVENUE_SPLINE_TIMING score_prepare 0.002290474
AVENUE_SPLINE_TIMING loadings 0.006481005
AVENUE_SPLINE_TIMING score_prepare 0.002291706
AVENUE_SPLINE_TIMING loadings 0.006114032
AVENUE_SPLINE_TIMING score_prepare 0.002303579
AVENUE_SPLINE_TIMING loadings 0.003925982
AVENUE_SPLINE_TIMING working_arrays 0.001965511
AVENUE_SPLINE_TIMING normal_equations 0.006271179
AVENUE_SPLINE_TIMING solve_evaluate 0.006313639
AVENUE_SPLINE_TIMING previous_deviance 0.007226663
AVENUE_SPLINE_TIMING line_search 0.009585196
AVENUE_SPLINE_TIMING working_arrays 0.001929423
AVENUE_SPLINE_TIMING normal_equations 0.006453914
AVENUE_SPLINE_TIMING solve_evaluate 0.006337895
AVENUE_SPLINE_TIMING previous_deviance 0.007227845
AVENUE_SPLINE_TIMING line_search 0.009527987
AVENUE_SPLINE_TIMING working_arrays 0.001909545
AVENUE_SPLINE_TIMING normal_equations 0.003941982
AVENUE_SPLINE_TIMING solve_evaluate 0.004577281
AVENUE_SPLINE_TIMING previous_deviance 0.007228035
AVENUE_SPLINE_TIMING line_search 0.018782658
AVENUE_SPLINE_TIMING score_prepare 0.002299802
AVENUE_SPLINE_TIMING loadings 0.006518446
AVENUE_SPLINE_TIMING score_prepare 0.002295503
AVENUE_SPLINE_TIMING loadings 0.006092621
AVENUE_SPLINE_TIMING score_prepare 0.002309991
AVENUE_SPLINE_TIMING loadings 0.003939307
AVENUE_SPLINE_TIMING working_arrays 0.001953047
AVENUE_SPLINE_TIMING normal_equations 0.006259457
AVENUE_SPLINE_TIMING solve_evaluate 0.006304542
AVENUE_SPLINE_TIMING previous_deviance 0.007241481
AVENUE_SPLINE_TIMING line_search 0.027985923
AVENUE_SPLINE_TIMING working_arrays 0.001928531
AVENUE_SPLINE_TIMING normal_equations 0.006470315
AVENUE_SPLINE_TIMING solve_evaluate 0.006364385
AVENUE_SPLINE_TIMING previous_deviance 0.007224629
AVENUE_SPLINE_TIMING line_search 0.082553868
AVENUE_SPLINE_TIMING working_arrays 0.001966863
AVENUE_SPLINE_TIMING normal_equations 0.003912095
AVENUE_SPLINE_TIMING solve_evaluate 0.004299046
AVENUE_SPLINE_TIMING previous_deviance 0.007244326
AVENUE_SPLINE_TIMING line_search 0.073801685
AVENUE_SPLINE_TIMING score_prepare 0.002305703
AVENUE_SPLINE_TIMING loadings 0.006454124
AVENUE_SPLINE_TIMING score_prepare 0.002301265
AVENUE_SPLINE_TIMING loadings 0.006118181
AVENUE_SPLINE_TIMING score_prepare 0.002298579
AVENUE_SPLINE_TIMING loadings 0.003913157
AVENUE_SPLINE_TIMING working_arrays 0.001958126
AVENUE_SPLINE_TIMING normal_equations 0.006265538
AVENUE_SPLINE_TIMING solve_evaluate 0.006174997
AVENUE_SPLINE_TIMING previous_deviance 0.007248995
AVENUE_SPLINE_TIMING line_search 0.020979145
AVENUE_SPLINE_TIMING working_arrays 0.002014443
AVENUE_SPLINE_TIMING normal_equations 0.006466017
AVENUE_SPLINE_TIMING solve_evaluate 0.006370106
AVENUE_SPLINE_TIMING previous_deviance 0.007279383
AVENUE_SPLINE_TIMING line_search 0.037341896
AVENUE_SPLINE_TIMING working_arrays 0.001974167
AVENUE_SPLINE_TIMING normal_equations 0.003988209
AVENUE_SPLINE_TIMING solve_evaluate 0.004642114
AVENUE_SPLINE_TIMING previous_deviance 0.007287688
AVENUE_SPLINE_TIMING line_search 0.075519528
AVENUE_SPLINE_TIMING score_prepare 0.002294502
AVENUE_SPLINE_TIMING loadings 0.006490934
AVENUE_SPLINE_TIMING score_prepare 0.002307236
AVENUE_SPLINE_TIMING loadings 0.006216306
AVENUE_SPLINE_TIMING score_prepare 0.00230468
AVENUE_SPLINE_TIMING loadings 0.003960818
AVENUE_SPLINE_TIMING working_arrays 0.001958637
AVENUE_SPLINE_TIMING normal_equations 0.006246722
AVENUE_SPLINE_TIMING solve_evaluate 0.006325021
AVENUE_SPLINE_TIMING previous_deviance 0.00723554
AVENUE_SPLINE_TIMING line_search 0.009860474
AVENUE_SPLINE_TIMING working_arrays 0.00198621
AVENUE_SPLINE_TIMING normal_equations 0.006492136
AVENUE_SPLINE_TIMING solve_evaluate 0.006364225
AVENUE_SPLINE_TIMING previous_deviance 0.007273231
AVENUE_SPLINE_TIMING line_search 0.009895131
AVENUE_SPLINE_TIMING working_arrays 0.001960401
AVENUE_SPLINE_TIMING normal_equations 0.003933206
AVENUE_SPLINE_TIMING solve_evaluate 0.004640401
AVENUE_SPLINE_TIMING previous_deviance 0.00718834
AVENUE_SPLINE_TIMING line_search 0.009461101
AVENUE_SPLINE_TIMING score_prepare 0.002287729
AVENUE_SPLINE_TIMING loadings 0.006508677
AVENUE_SPLINE_TIMING score_prepare 0.002312496
AVENUE_SPLINE_TIMING loadings 0.006188994
AVENUE_SPLINE_TIMING score_prepare 0.002298269
AVENUE_SPLINE_TIMING loadings 0.003962501
AVENUE_SPLINE_TIMING working_arrays 0.001948829
AVENUE_SPLINE_TIMING normal_equations 0.00624529
AVENUE_SPLINE_TIMING solve_evaluate 0.006323177
AVENUE_SPLINE_TIMING previous_deviance 0.007242402
AVENUE_SPLINE_TIMING line_search 0.019136917
AVENUE_SPLINE_TIMING working_arrays 0.00192319
AVENUE_SPLINE_TIMING normal_equations 0.006480935
AVENUE_SPLINE_TIMING solve_evaluate 0.006462059
AVENUE_SPLINE_TIMING previous_deviance 0.007299941
AVENUE_SPLINE_TIMING line_search 0.066592977
AVENUE_SPLINE_TIMING working_arrays 0.001968526
AVENUE_SPLINE_TIMING normal_equations 0.00394081
AVENUE_SPLINE_TIMING solve_evaluate 0.004618729
AVENUE_SPLINE_TIMING previous_deviance 0.007188761
AVENUE_SPLINE_TIMING line_search 0.047674962
AVENUE_SPLINE_TIMING score_prepare 0.002298088
AVENUE_SPLINE_TIMING loadings 0.006503428
AVENUE_SPLINE_TIMING score_prepare 0.002295794
AVENUE_SPLINE_TIMING loadings 0.006113411
AVENUE_SPLINE_TIMING score_prepare 0.002300903
AVENUE_SPLINE_TIMING loadings 0.003957972
AVENUE_SPLINE_TIMING working_arrays 0.001957365
AVENUE_SPLINE_TIMING normal_equations 0.006225252
AVENUE_SPLINE_TIMING solve_evaluate 0.006302358
AVENUE_SPLINE_TIMING previous_deviance 0.007232985
AVENUE_SPLINE_TIMING line_search 0.019248699
AVENUE_SPLINE_TIMING working_arrays 0.001968216
AVENUE_SPLINE_TIMING normal_equations 0.006460456
AVENUE_SPLINE_TIMING solve_evaluate 0.006318469
AVENUE_SPLINE_TIMING previous_deviance 0.007238415
AVENUE_SPLINE_TIMING line_search 0.074356793
AVENUE_SPLINE_TIMING working_arrays 0.001936977
AVENUE_SPLINE_TIMING normal_equations 0.003927064
AVENUE_SPLINE_TIMING solve_evaluate 0.004696356
AVENUE_SPLINE_TIMING previous_deviance 0.007264374
AVENUE_SPLINE_TIMING line_search 0.037837812
AVENUE_SPLINE_TIMING score_prepare 0.002296665
AVENUE_SPLINE_TIMING loadings 0.006485564
AVENUE_SPLINE_TIMING score_prepare 0.002307115
AVENUE_SPLINE_TIMING loadings 0.006186199
AVENUE_SPLINE_TIMING score_prepare 0.002491474
AVENUE_SPLINE_TIMING loadings 0.004426657
AVENUE_SPLINE_TIMING working_arrays 0.00193833
AVENUE_SPLINE_TIMING normal_equations 0.006187591
AVENUE_SPLINE_TIMING solve_evaluate 0.006795098
AVENUE_SPLINE_TIMING previous_deviance 0.007302135
AVENUE_SPLINE_TIMING line_search 0.028125947
AVENUE_SPLINE_TIMING working_arrays 0.001955722
AVENUE_SPLINE_TIMING normal_equations 0.006418988
AVENUE_SPLINE_TIMING solve_evaluate 0.006272872
AVENUE_SPLINE_TIMING previous_deviance 0.007238685
AVENUE_SPLINE_TIMING line_search 0.065545309
AVENUE_SPLINE_TIMING working_arrays 0.001962144
AVENUE_SPLINE_TIMING normal_equations 0.003922024
AVENUE_SPLINE_TIMING solve_evaluate 0.004576329
AVENUE_SPLINE_TIMING previous_deviance 0.007280274
AVENUE_SPLINE_TIMING line_search 0.028210937
AVENUE_SPLINE_TIMING score_prepare 0.002290013
AVENUE_SPLINE_TIMING loadings 0.006521442
AVENUE_SPLINE_TIMING score_prepare 0.002290264
AVENUE_SPLINE_TIMING loadings 0.006130193
AVENUE_SPLINE_TIMING score_prepare 0.002307536
AVENUE_SPLINE_TIMING loadings 0.004005482
AVENUE_SPLINE_TIMING working_arrays 0.001956623
AVENUE_SPLINE_TIMING normal_equations 0.006298981
AVENUE_SPLINE_TIMING solve_evaluate 0.006757216
AVENUE_SPLINE_TIMING previous_deviance 0.007226563
AVENUE_SPLINE_TIMING line_search 0.018803428
AVENUE_SPLINE_TIMING working_arrays 0.001951094
AVENUE_SPLINE_TIMING normal_equations 0.006493259
AVENUE_SPLINE_TIMING solve_evaluate 0.006357873
AVENUE_SPLINE_TIMING previous_deviance 0.00799358
AVENUE_SPLINE_TIMING line_search 0.067142714
AVENUE_SPLINE_TIMING working_arrays 0.001957606
AVENUE_SPLINE_TIMING normal_equations 0.003936221
AVENUE_SPLINE_TIMING solve_evaluate 0.004674044
AVENUE_SPLINE_TIMING previous_deviance 0.007386985
AVENUE_SPLINE_TIMING line_search 0.046461241
AVENUE_SPLINE_TIMING score_prepare 0.002287198
AVENUE_SPLINE_TIMING loadings 0.006518115
AVENUE_SPLINE_TIMING score_prepare 0.002291055
AVENUE_SPLINE_TIMING loadings 0.006178665
AVENUE_SPLINE_TIMING score_prepare 0.002301114
AVENUE_SPLINE_TIMING loadings 0.003934268
AVENUE_SPLINE_TIMING working_arrays 0.001945934
AVENUE_SPLINE_TIMING normal_equations 0.006287409
AVENUE_SPLINE_TIMING solve_evaluate 0.006363433
AVENUE_SPLINE_TIMING previous_deviance 0.007220612
AVENUE_SPLINE_TIMING line_search 0.018681237
AVENUE_SPLINE_TIMING working_arrays 0.001959219
AVENUE_SPLINE_TIMING normal_equations 0.006513126
AVENUE_SPLINE_TIMING solve_evaluate 0.006334298
AVENUE_SPLINE_TIMING previous_deviance 0.007226002
AVENUE_SPLINE_TIMING line_search 0.055350492
AVENUE_SPLINE_TIMING working_arrays 0.001946775
AVENUE_SPLINE_TIMING normal_equations 0.00394142
AVENUE_SPLINE_TIMING solve_evaluate 0.004578353
AVENUE_SPLINE_TIMING previous_deviance 0.007245398
AVENUE_SPLINE_TIMING line_search 0.036891786
AVENUE_SPLINE_TIMING score_prepare 0.002291335
AVENUE_SPLINE_TIMING loadings 0.006445809
AVENUE_SPLINE_TIMING score_prepare 0.002286006
AVENUE_SPLINE_TIMING loadings 0.006067014
AVENUE_SPLINE_TIMING score_prepare 0.002295383
AVENUE_SPLINE_TIMING loadings 0.003897228
AVENUE_SPLINE_TIMING working_arrays 0.001936256
AVENUE_SPLINE_TIMING normal_equations 0.006220052
AVENUE_SPLINE_TIMING solve_evaluate 0.006130663
AVENUE_SPLINE_TIMING previous_deviance 0.007220902
AVENUE_SPLINE_TIMING line_search 0.027822755
AVENUE_SPLINE_TIMING working_arrays 0.001962004
AVENUE_SPLINE_TIMING normal_equations 0.006442141
AVENUE_SPLINE_TIMING solve_evaluate 0.006291788
AVENUE_SPLINE_TIMING previous_deviance 0.007199511
AVENUE_SPLINE_TIMING line_search 0.073351406
AVENUE_SPLINE_TIMING working_arrays 0.001929022
AVENUE_SPLINE_TIMING normal_equations 0.003916373
AVENUE_SPLINE_TIMING solve_evaluate 0.004580958
AVENUE_SPLINE_TIMING previous_deviance 0.007216534
AVENUE_SPLINE_TIMING line_search 0.064143472
AVENUE_SPLINE_TIMING score_prepare 0.002283831
AVENUE_SPLINE_TIMING loadings 0.006448945
AVENUE_SPLINE_TIMING score_prepare 0.0022934
AVENUE_SPLINE_TIMING loadings 0.006093313
AVENUE_SPLINE_TIMING score_prepare 0.002290274
AVENUE_SPLINE_TIMING loadings 0.003906906
AVENUE_SPLINE_TIMING working_arrays 0.001933821
AVENUE_SPLINE_TIMING normal_equations 0.006210845
AVENUE_SPLINE_TIMING solve_evaluate 0.006305995
AVENUE_SPLINE_TIMING previous_deviance 0.007237613
AVENUE_SPLINE_TIMING line_search 0.036824629
AVENUE_SPLINE_TIMING working_arrays 0.001914764
AVENUE_SPLINE_TIMING normal_equations 0.006453463
AVENUE_SPLINE_TIMING solve_evaluate 0.006162784
AVENUE_SPLINE_TIMING previous_deviance 0.007236111
AVENUE_SPLINE_TIMING line_search 0.064175783
AVENUE_SPLINE_TIMING working_arrays 0.001930324
AVENUE_SPLINE_TIMING normal_equations 0.003922254
AVENUE_SPLINE_TIMING solve_evaluate 0.004420415
AVENUE_SPLINE_TIMING previous_deviance 0.007196706
AVENUE_SPLINE_TIMING line_search 0.083573672
AVENUE_SPLINE_TIMING score_prepare 0.002311825
AVENUE_SPLINE_TIMING loadings 0.006448013
AVENUE_SPLINE_TIMING score_prepare 0.002295364
AVENUE_SPLINE_TIMING loadings 0.006099805
AVENUE_SPLINE_TIMING score_prepare 0.002296826
AVENUE_SPLINE_TIMING loadings 0.003931482
AVENUE_SPLINE_TIMING working_arrays 0.001945483
AVENUE_SPLINE_TIMING normal_equations 0.006239028
AVENUE_SPLINE_TIMING solve_evaluate 0.006225413
AVENUE_SPLINE_TIMING previous_deviance 0.00727839
AVENUE_SPLINE_TIMING line_search 0.01926015
AVENUE_SPLINE_TIMING working_arrays 0.001984386
AVENUE_SPLINE_TIMING normal_equations 0.006476296
AVENUE_SPLINE_TIMING solve_evaluate 0.006328016
AVENUE_SPLINE_TIMING previous_deviance 0.007209861
AVENUE_SPLINE_TIMING line_search 0.00953442
AVENUE_SPLINE_TIMING working_arrays 0.001939822
AVENUE_SPLINE_TIMING normal_equations 0.003928507
AVENUE_SPLINE_TIMING solve_evaluate 0.00487303
AVENUE_SPLINE_TIMING previous_deviance 0.007481113
AVENUE_SPLINE_TIMING line_search 0.019345651
AVENUE_SPLINE_TIMING score_prepare 0.002319149
AVENUE_SPLINE_TIMING loadings 0.006604067
AVENUE_SPLINE_TIMING score_prepare 0.002291987
AVENUE_SPLINE_TIMING loadings 0.006115615
AVENUE_SPLINE_TIMING score_prepare 0.002313777
AVENUE_SPLINE_TIMING loadings 0.003951851
AVENUE_SPLINE_TIMING working_arrays 0.001943008
AVENUE_SPLINE_TIMING normal_equations 0.006254257
AVENUE_SPLINE_TIMING solve_evaluate 0.006310643
AVENUE_SPLINE_TIMING previous_deviance 0.007222875
AVENUE_SPLINE_TIMING line_search 0.01024971
AVENUE_SPLINE_TIMING working_arrays 0.001959509
AVENUE_SPLINE_TIMING normal_equations 0.006495893
AVENUE_SPLINE_TIMING solve_evaluate 0.006360959
AVENUE_SPLINE_TIMING previous_deviance 0.007269073
AVENUE_SPLINE_TIMING line_search 0.056088004
AVENUE_SPLINE_TIMING working_arrays 0.001944912
AVENUE_SPLINE_TIMING normal_equations 0.00393061
AVENUE_SPLINE_TIMING solve_evaluate 0.004577952
AVENUE_SPLINE_TIMING previous_deviance 0.007379591
AVENUE_SPLINE_TIMING line_search 0.029654573
AVENUE_SPLINE_TIMING score_prepare 0.002315672
AVENUE_SPLINE_TIMING loadings 0.006567097
AVENUE_SPLINE_TIMING score_prepare 0.002299421
AVENUE_SPLINE_TIMING loadings 0.006120424
AVENUE_SPLINE_TIMING score_prepare 0.002303298
AVENUE_SPLINE_TIMING loadings 0.003928115
AVENUE_SPLINE_TIMING working_arrays 0.002052735
AVENUE_SPLINE_TIMING normal_equations 0.006287339
AVENUE_SPLINE_TIMING solve_evaluate 0.006306114
AVENUE_SPLINE_TIMING previous_deviance 0.007269153
AVENUE_SPLINE_TIMING line_search 0.010413279
AVENUE_SPLINE_TIMING working_arrays 0.001947216
AVENUE_SPLINE_TIMING normal_equations 0.006477238
AVENUE_SPLINE_TIMING solve_evaluate 0.006325542
AVENUE_SPLINE_TIMING previous_deviance 0.007261528
AVENUE_SPLINE_TIMING line_search 0.056333889
AVENUE_SPLINE_TIMING working_arrays 0.001955682
AVENUE_SPLINE_TIMING normal_equations 0.003913468
AVENUE_SPLINE_TIMING solve_evaluate 0.004572502
AVENUE_SPLINE_TIMING previous_deviance 0.007334086
AVENUE_SPLINE_TIMING line_search 0.02036233
AVENUE_SPLINE_TIMING score_prepare 0.002282229
AVENUE_SPLINE_TIMING loadings 0.006455707
AVENUE_SPLINE_TIMING score_prepare 0.002296595
AVENUE_SPLINE_TIMING loadings 0.006094335
AVENUE_SPLINE_TIMING score_prepare 0.002301134
AVENUE_SPLINE_TIMING loadings 0.003916794
AVENUE_SPLINE_TIMING working_arrays 0.001953768
AVENUE_SPLINE_TIMING normal_equations 0.006248706
AVENUE_SPLINE_TIMING solve_evaluate 0.006514658
AVENUE_SPLINE_TIMING previous_deviance 0.007233365
AVENUE_SPLINE_TIMING line_search 0.009775054
AVENUE_SPLINE_TIMING working_arrays 0.001956243
AVENUE_SPLINE_TIMING normal_equations 0.006438645
AVENUE_SPLINE_TIMING solve_evaluate 0.006338426
AVENUE_SPLINE_TIMING previous_deviance 0.007212826
AVENUE_SPLINE_TIMING line_search 0.065777577
AVENUE_SPLINE_TIMING working_arrays 0.001953087
AVENUE_SPLINE_TIMING normal_equations 0.003927454
AVENUE_SPLINE_TIMING solve_evaluate 0.004574415
AVENUE_SPLINE_TIMING previous_deviance 0.007338974
AVENUE_SPLINE_TIMING line_search 0.020893553
AVENUE_SPLINE_TIMING score_prepare 0.002307336
AVENUE_SPLINE_TIMING loadings 0.006496153
AVENUE_SPLINE_TIMING score_prepare 0.002304461
AVENUE_SPLINE_TIMING loadings 0.006142235
AVENUE_SPLINE_TIMING score_prepare 0.002297357
AVENUE_SPLINE_TIMING loadings 0.00390946
{
  "source_commit": "4a500738c20c2c7a198679a1106161907eb6ca10",
  "extension_sha256": "51ef73565bc9913e5ba05c67f2d4b2c02b32444632b50e5b53bf1103a340ba0c",
  "script_sha256": "8b50c43ca51491f69501e83db8848ec06cc3edbcb5e55f71c4ef7a6150668c5f",
  "split_id": "1154267c719539752b27e70e22217d5c11582ca0613d1a9dbda691cd69850791",
  "train_rows": 508509,
  "holdout_rows": 169504,
  "requested_iterations": 1000,
  "inference": false,
  "fit_seconds": 16.419089636001445,
  "score_seconds": 0.020540395998978056,
  "setup_seconds": 1.1435456319959485,
  "peak_rss_kib": 1304592,
  "converged": true,
  "iterations": 103,
  "prediction_sha256": "514edf7f47ffca4b3310673484dafc03f2c4872e99354c79809f28eb93eb0fab",
  "fit_summary": {
    "converged": true,
    "iterations": 103,
    "max_gradient": 9.534121441627835e-12,
    "deviance": 20780057.098548044,
    "null_deviance": 22099342.68345734,
    "pseudo_r2": 0.05969795589879057,
    "n_parameters": null,
    "dispersion": null,
    "covariance_method": null,
    "cluster_column": null,
    "n_clusters": null,
    "aic": null,
    "bic": null,
    "table_conditioning": null
  }
}
